<?xml version="1.0" encoding="UTF-8"?>
<!--  This file conforms to the DTD xdc/bld/build.dtd -->
<package name="charlie_mathsuite_2_71" version="" producerId="undefined">
    <units>
    </units>
    <sources>
    </sources>
    <configurations>
    </configurations>
    <makefiles>
        <srcFile name="package.mak" src="package.bld"/>
        <srcFile name="package/package.xdc.dep" src="package.xdc"/>
        <srcFile name="package/package.cfg.dep" src="package.xdc"/>
        <srcFile name="package/rel/charlie_mathsuite_2_71.zip.dep" src="package/rel/charlie_mathsuite_2_71.xdc.inc"/>
    </makefiles>
    <targets>
    </targets>
    <libraries>
    </libraries>
    <executables>
    </executables>
    <tests>
    </tests>
    <releases relDir="package/rel/">
    <release name="charlie_mathsuite_2_71"
        pname="charlie_mathsuite_2_71.zip"
        label="default"
    >
        <file name="package/build.cfg"/>
        <file name="package/package.cfg.xdc.inc"/>
        <file name="packages"/>
        <file name="package/package.ext.xml"/>
        <file name="package/package.xdc.inc"/>
        <file name="package/package.bld.xml"/>
        <file name="package/package.rel.dot"/>
    </release>
    </releases>
    <repositories>
    <repository name="packages"
        pname="packages">
        <importedRelease
            package="charlie.sqrtlib"
            pname="charlie_sqrtlib.zip"
            label="default">
        </importedRelease>
        <importedRelease
            package="charlie.sqrtlib.samples"
            pname="charlie_sqrtlib_samples.zip"
            label="default">
        </importedRelease>
    </repository>
    </repositories>
</package>
