<?xml version="1.0"?>
<?xml-stylesheet type="text/xsl" href="toc.xsl"?>
<toc label="XDC Packages" topic="packages.html">
<topic label="local.targets" href="local/targets/package.html" title="package local.targets">
<topic label="ITIArm" href="local/targets/ITIArm.html" title="metaonly interface local.targets.ITIArm">
<topic label="alignDirectiveSupported" href="local/targets/ITIArm.html#align.Directive.Supported" title="config ITIArm.alignDirectiveSupported"/>
<topic label="alignDirectiveSupported" href="local/targets/ITIArm.html#align.Directive.Supported" title="config ITIArm.alignDirectiveSupported"/>
<topic label="ar" href="local/targets/ITIArm.html#ar" title="config ITIArm.ar"/>
<topic label="archive" href="local/targets/ITIArm.html#archive" title="ITIArm.archive( )"/>
<topic label="ArchiveGoal" href="local/targets/ITIArm.html#.Archive.Goal" title="struct ITIArm.ArchiveGoal"/>
<topic label="arOpts" href="local/targets/ITIArm.html#ar.Opts" title="config ITIArm.arOpts"/>
<topic label="asm" href="local/targets/ITIArm.html#asm" title="config ITIArm.asm"/>
<topic label="asmOpts" href="local/targets/ITIArm.html#asm.Opts" title="config ITIArm.asmOpts"/>
<topic label="base" href="local/targets/ITIArm.html#base" title="config ITIArm.base"/>
<topic label="binDir" href="local/targets/ITIArm.html#bin.Dir" title="config ITIArm.binDir"/>
<topic label="bitsPerChar" href="local/targets/ITIArm.html#bits.Per.Char" title="config ITIArm.bitsPerChar"/>
<topic label="cc" href="local/targets/ITIArm.html#cc" title="config ITIArm.cc"/>
<topic label="ccOpts" href="local/targets/ITIArm.html#cc.Opts" title="config ITIArm.ccOpts"/>
<topic label="Command" href="local/targets/ITIArm.html#.Command" title="struct ITIArm.Command"/>
<topic label="CommandSet" href="local/targets/ITIArm.html#.Command.Set" title="struct ITIArm.CommandSet"/>
<topic label="compatibleSuffixes" href="local/targets/ITIArm.html#compatible.Suffixes" title="config ITIArm.compatibleSuffixes"/>
<topic label="compile" href="local/targets/ITIArm.html#compile" title="ITIArm.compile( )"/>
<topic label="CompileGoal" href="local/targets/ITIArm.html#.Compile.Goal" title="struct ITIArm.CompileGoal"/>
<topic label="CompileOptions" href="local/targets/ITIArm.html#.Compile.Options" title="struct ITIArm.CompileOptions"/>
<topic label="DebugGen" href="local/targets/ITIArm.html#.Debug.Gen" title="struct ITIArm.DebugGen"/>
<topic label="debugGen" href="local/targets/ITIArm.html#debug.Gen" title="config ITIArm.debugGen"/>
<topic label="debugGen" href="local/targets/ITIArm.html#debug.Gen" title="config ITIArm.debugGen"/>
<topic label="execExt" href="local/targets/ITIArm.html#exec.Ext" title="config ITIArm.execExt"/>
<topic label="Extension" href="local/targets/ITIArm.html#.Extension" title="struct ITIArm.Extension"/>
<topic label="extensions" href="local/targets/ITIArm.html#extensions" title="config ITIArm.extensions"/>
<topic label="extensions" href="local/targets/ITIArm.html#extensions" title="config ITIArm.extensions"/>
<topic label="findSuffix" href="local/targets/ITIArm.html#find.Suffix" title="ITIArm.findSuffix( )"/>
<topic label="getISAChain" href="local/targets/ITIArm.html#get.I.S.A.Chain" title="ITIArm.getISAChain( )"/>
<topic label="getVersion" href="local/targets/ITIArm.html#get.Version" title="ITIArm.getVersion( )"/>
<topic label="includeOpts" href="local/targets/ITIArm.html#include.Opts" title="config ITIArm.includeOpts"/>
<topic label="isa" href="local/targets/ITIArm.html#isa" title="config ITIArm.isa"/>
<topic label="link" href="local/targets/ITIArm.html#link" title="ITIArm.link( )"/>
<topic label="LinkGoal" href="local/targets/ITIArm.html#.Link.Goal" title="struct ITIArm.LinkGoal"/>
<topic label="lnk" href="local/targets/ITIArm.html#lnk" title="config ITIArm.lnk"/>
<topic label="lnkOpts" href="local/targets/ITIArm.html#lnk.Opts" title="config ITIArm.lnkOpts"/>
<topic label="Model" href="local/targets/ITIArm.html#.Model" title="struct ITIArm.Model"/>
<topic label="model" href="local/targets/ITIArm.html#model" title="config ITIArm.model"/>
<topic label="name" href="local/targets/ITIArm.html#name" title="config ITIArm.name"/>
<topic label="Options" href="local/targets/ITIArm.html#.Options" title="struct ITIArm.Options"/>
<topic label="OptionSet" href="local/targets/ITIArm.html#.Option.Set" title="struct ITIArm.OptionSet"/>
<topic label="os" href="local/targets/ITIArm.html#os" title="config ITIArm.os"/>
<topic label="pathPrefix" href="local/targets/ITIArm.html#path.Prefix" title="config ITIArm.pathPrefix"/>
<topic label="platform" href="local/targets/ITIArm.html#platform" title="config ITIArm.platform"/>
<topic label="platforms" href="local/targets/ITIArm.html#platforms" title="config ITIArm.platforms"/>
<topic label="profiles" href="local/targets/ITIArm.html#profiles" title="config ITIArm.profiles"/>
<topic label="profiles" href="local/targets/ITIArm.html#profiles" title="config ITIArm.profiles"/>
<topic label="rootDir" href="local/targets/ITIArm.html#root.Dir" title="config ITIArm.rootDir"/>
<topic label="rts" href="local/targets/ITIArm.html#rts" title="config ITIArm.rts"/>
<topic label="scompile" href="local/targets/ITIArm.html#scompile" title="ITIArm.scompile( )"/>
<topic label="sectMap" href="local/targets/ITIArm.html#sect.Map" title="config ITIArm.sectMap"/>
<topic label="stdInclude" href="local/targets/ITIArm.html#std.Include" title="config ITIArm.stdInclude"/>
<topic label="stdInclude" href="local/targets/ITIArm.html#std.Include" title="config ITIArm.stdInclude"/>
<topic label="StdTypes" href="local/targets/ITIArm.html#.Std.Types" title="struct ITIArm.StdTypes"/>
<topic label="stdTypes" href="local/targets/ITIArm.html#std.Types" title="config ITIArm.stdTypes"/>
<topic label="suffix" href="local/targets/ITIArm.html#suffix" title="config ITIArm.suffix"/>
<topic label="vers" href="local/targets/ITIArm.html#vers" title="config ITIArm.vers"/>
<topic label="version" href="local/targets/ITIArm.html#version" title="config ITIArm.version"/>
<topic label="versionMap" href="local/targets/ITIArm.html#version.Map" title="config ITIArm.versionMap"/>
<topic label="versionMap" href="local/targets/ITIArm.html#version.Map" title="config ITIArm.versionMap"/>
</topic>
<topic label="TIArm11" href="local/targets/TIArm11.html" title="metaonly module local.targets.TIArm11">
<topic label="alignDirectiveSupported" href="local/targets/TIArm11.html#align.Directive.Supported" title="config TIArm11.alignDirectiveSupported"/>
<topic label="alignDirectiveSupported" href="local/targets/TIArm11.html#align.Directive.Supported" title="config TIArm11.alignDirectiveSupported"/>
<topic label="ar" href="local/targets/TIArm11.html#ar" title="config TIArm11.ar"/>
<topic label="ar" href="local/targets/TIArm11.html#ar" title="config TIArm11.ar"/>
<topic label="archive" href="local/targets/TIArm11.html#archive" title="TIArm11.archive( )"/>
<topic label="ArchiveGoal" href="local/targets/TIArm11.html#.Archive.Goal" title="struct TIArm11.ArchiveGoal"/>
<topic label="arOpts" href="local/targets/TIArm11.html#ar.Opts" title="config TIArm11.arOpts"/>
<topic label="asm" href="local/targets/TIArm11.html#asm" title="config TIArm11.asm"/>
<topic label="asmOpts" href="local/targets/TIArm11.html#asm.Opts" title="config TIArm11.asmOpts"/>
<topic label="asmOpts" href="local/targets/TIArm11.html#asm.Opts" title="config TIArm11.asmOpts"/>
<topic label="base" href="local/targets/TIArm11.html#base" title="config TIArm11.base"/>
<topic label="binDir" href="local/targets/TIArm11.html#bin.Dir" title="config TIArm11.binDir"/>
<topic label="bitsPerChar" href="local/targets/TIArm11.html#bits.Per.Char" title="config TIArm11.bitsPerChar"/>
<topic label="cc" href="local/targets/TIArm11.html#cc" title="config TIArm11.cc"/>
<topic label="ccOpts" href="local/targets/TIArm11.html#cc.Opts" title="config TIArm11.ccOpts"/>
<topic label="ccOpts" href="local/targets/TIArm11.html#cc.Opts" title="config TIArm11.ccOpts"/>
<topic label="Command" href="local/targets/TIArm11.html#.Command" title="struct TIArm11.Command"/>
<topic label="CommandSet" href="local/targets/TIArm11.html#.Command.Set" title="struct TIArm11.CommandSet"/>
<topic label="compatibleSuffixes" href="local/targets/TIArm11.html#compatible.Suffixes" title="config TIArm11.compatibleSuffixes"/>
<topic label="compile" href="local/targets/TIArm11.html#compile" title="TIArm11.compile( )"/>
<topic label="CompileGoal" href="local/targets/TIArm11.html#.Compile.Goal" title="struct TIArm11.CompileGoal"/>
<topic label="CompileOptions" href="local/targets/TIArm11.html#.Compile.Options" title="struct TIArm11.CompileOptions"/>
<topic label="DebugGen" href="local/targets/TIArm11.html#.Debug.Gen" title="struct TIArm11.DebugGen"/>
<topic label="debugGen" href="local/targets/TIArm11.html#debug.Gen" title="config TIArm11.debugGen"/>
<topic label="debugGen" href="local/targets/TIArm11.html#debug.Gen" title="config TIArm11.debugGen"/>
<topic label="execExt" href="local/targets/TIArm11.html#exec.Ext" title="config TIArm11.execExt"/>
<topic label="Extension" href="local/targets/TIArm11.html#.Extension" title="struct TIArm11.Extension"/>
<topic label="extensions" href="local/targets/TIArm11.html#extensions" title="config TIArm11.extensions"/>
<topic label="extensions" href="local/targets/TIArm11.html#extensions" title="config TIArm11.extensions"/>
<topic label="findSuffix" href="local/targets/TIArm11.html#find.Suffix" title="TIArm11.findSuffix( )"/>
<topic label="getISAChain" href="local/targets/TIArm11.html#get.I.S.A.Chain" title="TIArm11.getISAChain( )"/>
<topic label="getVersion" href="local/targets/TIArm11.html#get.Version" title="TIArm11.getVersion( )"/>
<topic label="includeOpts" href="local/targets/TIArm11.html#include.Opts" title="config TIArm11.includeOpts"/>
<topic label="includeOpts" href="local/targets/TIArm11.html#include.Opts" title="config TIArm11.includeOpts"/>
<topic label="isa" href="local/targets/TIArm11.html#isa" title="config TIArm11.isa"/>
<topic label="link" href="local/targets/TIArm11.html#link" title="TIArm11.link( )"/>
<topic label="LinkGoal" href="local/targets/TIArm11.html#.Link.Goal" title="struct TIArm11.LinkGoal"/>
<topic label="linkLib" href="local/targets/TIArm11.html#link.Lib" title="config TIArm11.linkLib"/>
<topic label="lnk" href="local/targets/TIArm11.html#lnk" title="config TIArm11.lnk"/>
<topic label="lnk" href="local/targets/TIArm11.html#lnk" title="config TIArm11.lnk"/>
<topic label="lnkOpts" href="local/targets/TIArm11.html#lnk.Opts" title="config TIArm11.lnkOpts"/>
<topic label="lnkOpts" href="local/targets/TIArm11.html#lnk.Opts" title="config TIArm11.lnkOpts"/>
<topic label="Model" href="local/targets/TIArm11.html#.Model" title="struct TIArm11.Model"/>
<topic label="model" href="local/targets/TIArm11.html#model" title="config TIArm11.model"/>
<topic label="name" href="local/targets/TIArm11.html#name" title="config TIArm11.name"/>
<topic label="Options" href="local/targets/TIArm11.html#.Options" title="struct TIArm11.Options"/>
<topic label="OptionSet" href="local/targets/TIArm11.html#.Option.Set" title="struct TIArm11.OptionSet"/>
<topic label="os" href="local/targets/TIArm11.html#os" title="config TIArm11.os"/>
<topic label="pathPrefix" href="local/targets/TIArm11.html#path.Prefix" title="config TIArm11.pathPrefix"/>
<topic label="platform" href="local/targets/TIArm11.html#platform" title="config TIArm11.platform"/>
<topic label="platform" href="local/targets/TIArm11.html#platform" title="config TIArm11.platform"/>
<topic label="platforms" href="local/targets/TIArm11.html#platforms" title="config TIArm11.platforms"/>
<topic label="profiles" href="local/targets/TIArm11.html#profiles" title="config TIArm11.profiles"/>
<topic label="profiles" href="local/targets/TIArm11.html#profiles" title="config TIArm11.profiles"/>
<topic label="rootDir" href="local/targets/TIArm11.html#root.Dir" title="config TIArm11.rootDir"/>
<topic label="rts" href="local/targets/TIArm11.html#rts" title="config TIArm11.rts"/>
<topic label="rts" href="local/targets/TIArm11.html#rts" title="config TIArm11.rts"/>
<topic label="scompile" href="local/targets/TIArm11.html#scompile" title="TIArm11.scompile( )"/>
<topic label="sectMap" href="local/targets/TIArm11.html#sect.Map" title="config TIArm11.sectMap"/>
<topic label="sectMap" href="local/targets/TIArm11.html#sect.Map" title="config TIArm11.sectMap"/>
<topic label="stdInclude" href="local/targets/TIArm11.html#std.Include" title="config TIArm11.stdInclude"/>
<topic label="stdInclude" href="local/targets/TIArm11.html#std.Include" title="config TIArm11.stdInclude"/>
<topic label="stdInclude" href="local/targets/TIArm11.html#std.Include" title="config TIArm11.stdInclude"/>
<topic label="StdTypes" href="local/targets/TIArm11.html#.Std.Types" title="struct TIArm11.StdTypes"/>
<topic label="stdTypes" href="local/targets/TIArm11.html#std.Types" title="config TIArm11.stdTypes"/>
<topic label="suffix" href="local/targets/TIArm11.html#suffix" title="config TIArm11.suffix"/>
<topic label="vers" href="local/targets/TIArm11.html#vers" title="config TIArm11.vers"/>
<topic label="vers" href="local/targets/TIArm11.html#vers" title="config TIArm11.vers"/>
<topic label="version" href="local/targets/TIArm11.html#version" title="config TIArm11.version"/>
<topic label="versionMap" href="local/targets/TIArm11.html#version.Map" title="config TIArm11.versionMap"/>
<topic label="versionMap" href="local/targets/TIArm11.html#version.Map" title="config TIArm11.versionMap"/>
</topic>
<topic label="TIArm11D" href="local/targets/TIArm11D.html" title="metaonly module local.targets.TIArm11D">
<topic label="alignDirectiveSupported" href="local/targets/TIArm11D.html#align.Directive.Supported" title="config TIArm11D.alignDirectiveSupported"/>
<topic label="alignDirectiveSupported" href="local/targets/TIArm11D.html#align.Directive.Supported" title="config TIArm11D.alignDirectiveSupported"/>
<topic label="ar" href="local/targets/TIArm11D.html#ar" title="config TIArm11D.ar"/>
<topic label="ar" href="local/targets/TIArm11D.html#ar" title="config TIArm11D.ar"/>
<topic label="archive" href="local/targets/TIArm11D.html#archive" title="TIArm11D.archive( )"/>
<topic label="ArchiveGoal" href="local/targets/TIArm11D.html#.Archive.Goal" title="struct TIArm11D.ArchiveGoal"/>
<topic label="arOpts" href="local/targets/TIArm11D.html#ar.Opts" title="config TIArm11D.arOpts"/>
<topic label="asm" href="local/targets/TIArm11D.html#asm" title="config TIArm11D.asm"/>
<topic label="asmOpts" href="local/targets/TIArm11D.html#asm.Opts" title="config TIArm11D.asmOpts"/>
<topic label="asmOpts" href="local/targets/TIArm11D.html#asm.Opts" title="config TIArm11D.asmOpts"/>
<topic label="base" href="local/targets/TIArm11D.html#base" title="config TIArm11D.base"/>
<topic label="binDir" href="local/targets/TIArm11D.html#bin.Dir" title="config TIArm11D.binDir"/>
<topic label="bitsPerChar" href="local/targets/TIArm11D.html#bits.Per.Char" title="config TIArm11D.bitsPerChar"/>
<topic label="cc" href="local/targets/TIArm11D.html#cc" title="config TIArm11D.cc"/>
<topic label="ccOpts" href="local/targets/TIArm11D.html#cc.Opts" title="config TIArm11D.ccOpts"/>
<topic label="ccOpts" href="local/targets/TIArm11D.html#cc.Opts" title="config TIArm11D.ccOpts"/>
<topic label="Command" href="local/targets/TIArm11D.html#.Command" title="struct TIArm11D.Command"/>
<topic label="CommandSet" href="local/targets/TIArm11D.html#.Command.Set" title="struct TIArm11D.CommandSet"/>
<topic label="compatibleSuffixes" href="local/targets/TIArm11D.html#compatible.Suffixes" title="config TIArm11D.compatibleSuffixes"/>
<topic label="compile" href="local/targets/TIArm11D.html#compile" title="TIArm11D.compile( )"/>
<topic label="CompileGoal" href="local/targets/TIArm11D.html#.Compile.Goal" title="struct TIArm11D.CompileGoal"/>
<topic label="CompileOptions" href="local/targets/TIArm11D.html#.Compile.Options" title="struct TIArm11D.CompileOptions"/>
<topic label="DebugGen" href="local/targets/TIArm11D.html#.Debug.Gen" title="struct TIArm11D.DebugGen"/>
<topic label="debugGen" href="local/targets/TIArm11D.html#debug.Gen" title="config TIArm11D.debugGen"/>
<topic label="debugGen" href="local/targets/TIArm11D.html#debug.Gen" title="config TIArm11D.debugGen"/>
<topic label="execExt" href="local/targets/TIArm11D.html#exec.Ext" title="config TIArm11D.execExt"/>
<topic label="Extension" href="local/targets/TIArm11D.html#.Extension" title="struct TIArm11D.Extension"/>
<topic label="extensions" href="local/targets/TIArm11D.html#extensions" title="config TIArm11D.extensions"/>
<topic label="extensions" href="local/targets/TIArm11D.html#extensions" title="config TIArm11D.extensions"/>
<topic label="findSuffix" href="local/targets/TIArm11D.html#find.Suffix" title="TIArm11D.findSuffix( )"/>
<topic label="getISAChain" href="local/targets/TIArm11D.html#get.I.S.A.Chain" title="TIArm11D.getISAChain( )"/>
<topic label="getVersion" href="local/targets/TIArm11D.html#get.Version" title="TIArm11D.getVersion( )"/>
<topic label="includeOpts" href="local/targets/TIArm11D.html#include.Opts" title="config TIArm11D.includeOpts"/>
<topic label="includeOpts" href="local/targets/TIArm11D.html#include.Opts" title="config TIArm11D.includeOpts"/>
<topic label="isa" href="local/targets/TIArm11D.html#isa" title="config TIArm11D.isa"/>
<topic label="link" href="local/targets/TIArm11D.html#link" title="TIArm11D.link( )"/>
<topic label="LinkGoal" href="local/targets/TIArm11D.html#.Link.Goal" title="struct TIArm11D.LinkGoal"/>
<topic label="linkLib" href="local/targets/TIArm11D.html#link.Lib" title="config TIArm11D.linkLib"/>
<topic label="lnk" href="local/targets/TIArm11D.html#lnk" title="config TIArm11D.lnk"/>
<topic label="lnk" href="local/targets/TIArm11D.html#lnk" title="config TIArm11D.lnk"/>
<topic label="lnkOpts" href="local/targets/TIArm11D.html#lnk.Opts" title="config TIArm11D.lnkOpts"/>
<topic label="lnkOpts" href="local/targets/TIArm11D.html#lnk.Opts" title="config TIArm11D.lnkOpts"/>
<topic label="Model" href="local/targets/TIArm11D.html#.Model" title="struct TIArm11D.Model"/>
<topic label="model" href="local/targets/TIArm11D.html#model" title="config TIArm11D.model"/>
<topic label="name" href="local/targets/TIArm11D.html#name" title="config TIArm11D.name"/>
<topic label="Options" href="local/targets/TIArm11D.html#.Options" title="struct TIArm11D.Options"/>
<topic label="OptionSet" href="local/targets/TIArm11D.html#.Option.Set" title="struct TIArm11D.OptionSet"/>
<topic label="os" href="local/targets/TIArm11D.html#os" title="config TIArm11D.os"/>
<topic label="pathPrefix" href="local/targets/TIArm11D.html#path.Prefix" title="config TIArm11D.pathPrefix"/>
<topic label="platform" href="local/targets/TIArm11D.html#platform" title="config TIArm11D.platform"/>
<topic label="platform" href="local/targets/TIArm11D.html#platform" title="config TIArm11D.platform"/>
<topic label="platforms" href="local/targets/TIArm11D.html#platforms" title="config TIArm11D.platforms"/>
<topic label="profiles" href="local/targets/TIArm11D.html#profiles" title="config TIArm11D.profiles"/>
<topic label="profiles" href="local/targets/TIArm11D.html#profiles" title="config TIArm11D.profiles"/>
<topic label="rootDir" href="local/targets/TIArm11D.html#root.Dir" title="config TIArm11D.rootDir"/>
<topic label="rts" href="local/targets/TIArm11D.html#rts" title="config TIArm11D.rts"/>
<topic label="rts" href="local/targets/TIArm11D.html#rts" title="config TIArm11D.rts"/>
<topic label="scompile" href="local/targets/TIArm11D.html#scompile" title="TIArm11D.scompile( )"/>
<topic label="sectMap" href="local/targets/TIArm11D.html#sect.Map" title="config TIArm11D.sectMap"/>
<topic label="sectMap" href="local/targets/TIArm11D.html#sect.Map" title="config TIArm11D.sectMap"/>
<topic label="stdInclude" href="local/targets/TIArm11D.html#std.Include" title="config TIArm11D.stdInclude"/>
<topic label="stdInclude" href="local/targets/TIArm11D.html#std.Include" title="config TIArm11D.stdInclude"/>
<topic label="stdInclude" href="local/targets/TIArm11D.html#std.Include" title="config TIArm11D.stdInclude"/>
<topic label="StdTypes" href="local/targets/TIArm11D.html#.Std.Types" title="struct TIArm11D.StdTypes"/>
<topic label="stdTypes" href="local/targets/TIArm11D.html#std.Types" title="config TIArm11D.stdTypes"/>
<topic label="suffix" href="local/targets/TIArm11D.html#suffix" title="config TIArm11D.suffix"/>
<topic label="vers" href="local/targets/TIArm11D.html#vers" title="config TIArm11D.vers"/>
<topic label="vers" href="local/targets/TIArm11D.html#vers" title="config TIArm11D.vers"/>
<topic label="version" href="local/targets/TIArm11D.html#version" title="config TIArm11D.version"/>
<topic label="versionMap" href="local/targets/TIArm11D.html#version.Map" title="config TIArm11D.versionMap"/>
<topic label="versionMap" href="local/targets/TIArm11D.html#version.Map" title="config TIArm11D.versionMap"/>
</topic>
<topic label="TIArm9" href="local/targets/TIArm9.html" title="metaonly module local.targets.TIArm9">
<topic label="alignDirectiveSupported" href="local/targets/TIArm9.html#align.Directive.Supported" title="config TIArm9.alignDirectiveSupported"/>
<topic label="alignDirectiveSupported" href="local/targets/TIArm9.html#align.Directive.Supported" title="config TIArm9.alignDirectiveSupported"/>
<topic label="ar" href="local/targets/TIArm9.html#ar" title="config TIArm9.ar"/>
<topic label="ar" href="local/targets/TIArm9.html#ar" title="config TIArm9.ar"/>
<topic label="archive" href="local/targets/TIArm9.html#archive" title="TIArm9.archive( )"/>
<topic label="ArchiveGoal" href="local/targets/TIArm9.html#.Archive.Goal" title="struct TIArm9.ArchiveGoal"/>
<topic label="arOpts" href="local/targets/TIArm9.html#ar.Opts" title="config TIArm9.arOpts"/>
<topic label="asm" href="local/targets/TIArm9.html#asm" title="config TIArm9.asm"/>
<topic label="asmOpts" href="local/targets/TIArm9.html#asm.Opts" title="config TIArm9.asmOpts"/>
<topic label="asmOpts" href="local/targets/TIArm9.html#asm.Opts" title="config TIArm9.asmOpts"/>
<topic label="base" href="local/targets/TIArm9.html#base" title="config TIArm9.base"/>
<topic label="binDir" href="local/targets/TIArm9.html#bin.Dir" title="config TIArm9.binDir"/>
<topic label="bitsPerChar" href="local/targets/TIArm9.html#bits.Per.Char" title="config TIArm9.bitsPerChar"/>
<topic label="cc" href="local/targets/TIArm9.html#cc" title="config TIArm9.cc"/>
<topic label="ccOpts" href="local/targets/TIArm9.html#cc.Opts" title="config TIArm9.ccOpts"/>
<topic label="ccOpts" href="local/targets/TIArm9.html#cc.Opts" title="config TIArm9.ccOpts"/>
<topic label="Command" href="local/targets/TIArm9.html#.Command" title="struct TIArm9.Command"/>
<topic label="CommandSet" href="local/targets/TIArm9.html#.Command.Set" title="struct TIArm9.CommandSet"/>
<topic label="compatibleSuffixes" href="local/targets/TIArm9.html#compatible.Suffixes" title="config TIArm9.compatibleSuffixes"/>
<topic label="compile" href="local/targets/TIArm9.html#compile" title="TIArm9.compile( )"/>
<topic label="CompileGoal" href="local/targets/TIArm9.html#.Compile.Goal" title="struct TIArm9.CompileGoal"/>
<topic label="CompileOptions" href="local/targets/TIArm9.html#.Compile.Options" title="struct TIArm9.CompileOptions"/>
<topic label="DebugGen" href="local/targets/TIArm9.html#.Debug.Gen" title="struct TIArm9.DebugGen"/>
<topic label="debugGen" href="local/targets/TIArm9.html#debug.Gen" title="config TIArm9.debugGen"/>
<topic label="debugGen" href="local/targets/TIArm9.html#debug.Gen" title="config TIArm9.debugGen"/>
<topic label="execExt" href="local/targets/TIArm9.html#exec.Ext" title="config TIArm9.execExt"/>
<topic label="Extension" href="local/targets/TIArm9.html#.Extension" title="struct TIArm9.Extension"/>
<topic label="extensions" href="local/targets/TIArm9.html#extensions" title="config TIArm9.extensions"/>
<topic label="extensions" href="local/targets/TIArm9.html#extensions" title="config TIArm9.extensions"/>
<topic label="findSuffix" href="local/targets/TIArm9.html#find.Suffix" title="TIArm9.findSuffix( )"/>
<topic label="getISAChain" href="local/targets/TIArm9.html#get.I.S.A.Chain" title="TIArm9.getISAChain( )"/>
<topic label="getVersion" href="local/targets/TIArm9.html#get.Version" title="TIArm9.getVersion( )"/>
<topic label="includeOpts" href="local/targets/TIArm9.html#include.Opts" title="config TIArm9.includeOpts"/>
<topic label="includeOpts" href="local/targets/TIArm9.html#include.Opts" title="config TIArm9.includeOpts"/>
<topic label="isa" href="local/targets/TIArm9.html#isa" title="config TIArm9.isa"/>
<topic label="link" href="local/targets/TIArm9.html#link" title="TIArm9.link( )"/>
<topic label="LinkGoal" href="local/targets/TIArm9.html#.Link.Goal" title="struct TIArm9.LinkGoal"/>
<topic label="linkLib" href="local/targets/TIArm9.html#link.Lib" title="config TIArm9.linkLib"/>
<topic label="lnk" href="local/targets/TIArm9.html#lnk" title="config TIArm9.lnk"/>
<topic label="lnk" href="local/targets/TIArm9.html#lnk" title="config TIArm9.lnk"/>
<topic label="lnkOpts" href="local/targets/TIArm9.html#lnk.Opts" title="config TIArm9.lnkOpts"/>
<topic label="lnkOpts" href="local/targets/TIArm9.html#lnk.Opts" title="config TIArm9.lnkOpts"/>
<topic label="Model" href="local/targets/TIArm9.html#.Model" title="struct TIArm9.Model"/>
<topic label="model" href="local/targets/TIArm9.html#model" title="config TIArm9.model"/>
<topic label="name" href="local/targets/TIArm9.html#name" title="config TIArm9.name"/>
<topic label="Options" href="local/targets/TIArm9.html#.Options" title="struct TIArm9.Options"/>
<topic label="OptionSet" href="local/targets/TIArm9.html#.Option.Set" title="struct TIArm9.OptionSet"/>
<topic label="os" href="local/targets/TIArm9.html#os" title="config TIArm9.os"/>
<topic label="pathPrefix" href="local/targets/TIArm9.html#path.Prefix" title="config TIArm9.pathPrefix"/>
<topic label="platform" href="local/targets/TIArm9.html#platform" title="config TIArm9.platform"/>
<topic label="platform" href="local/targets/TIArm9.html#platform" title="config TIArm9.platform"/>
<topic label="platforms" href="local/targets/TIArm9.html#platforms" title="config TIArm9.platforms"/>
<topic label="profiles" href="local/targets/TIArm9.html#profiles" title="config TIArm9.profiles"/>
<topic label="profiles" href="local/targets/TIArm9.html#profiles" title="config TIArm9.profiles"/>
<topic label="rootDir" href="local/targets/TIArm9.html#root.Dir" title="config TIArm9.rootDir"/>
<topic label="rts" href="local/targets/TIArm9.html#rts" title="config TIArm9.rts"/>
<topic label="rts" href="local/targets/TIArm9.html#rts" title="config TIArm9.rts"/>
<topic label="scompile" href="local/targets/TIArm9.html#scompile" title="TIArm9.scompile( )"/>
<topic label="sectMap" href="local/targets/TIArm9.html#sect.Map" title="config TIArm9.sectMap"/>
<topic label="sectMap" href="local/targets/TIArm9.html#sect.Map" title="config TIArm9.sectMap"/>
<topic label="stdInclude" href="local/targets/TIArm9.html#std.Include" title="config TIArm9.stdInclude"/>
<topic label="stdInclude" href="local/targets/TIArm9.html#std.Include" title="config TIArm9.stdInclude"/>
<topic label="stdInclude" href="local/targets/TIArm9.html#std.Include" title="config TIArm9.stdInclude"/>
<topic label="StdTypes" href="local/targets/TIArm9.html#.Std.Types" title="struct TIArm9.StdTypes"/>
<topic label="stdTypes" href="local/targets/TIArm9.html#std.Types" title="config TIArm9.stdTypes"/>
<topic label="suffix" href="local/targets/TIArm9.html#suffix" title="config TIArm9.suffix"/>
<topic label="vers" href="local/targets/TIArm9.html#vers" title="config TIArm9.vers"/>
<topic label="vers" href="local/targets/TIArm9.html#vers" title="config TIArm9.vers"/>
<topic label="version" href="local/targets/TIArm9.html#version" title="config TIArm9.version"/>
<topic label="versionMap" href="local/targets/TIArm9.html#version.Map" title="config TIArm9.versionMap"/>
<topic label="versionMap" href="local/targets/TIArm9.html#version.Map" title="config TIArm9.versionMap"/>
</topic>
</topic>
</toc>
