<?xml version="1.0" encoding="UTF-8"?>
<package kind='package' name='acme.utils' nodoc='0' root='../../' summary='Collection+of+utility+modules+%5BRTSC+Module+Primer%5D'>
    <line tab='0' content='%3Cspan+class%3D%22xdoc-kw1%22%3Epackage%3C%2Fspan%3E+%3Cgo%3E%3Cspan+class%3D%22xdoc-id%22%3Eacme.utils%3C%2Fspan%3E%3C%2Fgo%3E+%7B'/>
    <line tab='0' content='%7D'/>
    <unit name='Bench' kind='module' nodoc='0' metaonly='0' summary='Benchmark+timing+support'>
        <synopSpec>
            <line tab='0' content='%3Cspan+class%3D%22xdoc-kw1%22%3Epackage%3C%2Fspan%3E+%3Ca+class%3D%22xdoc-link%22+href%3D%22..%2F..%2Facme%2Futils%2Fpackage.html%22+title%3D%22acme.utils%22%3Eacme.utils%3C%2Fa%3E%3B'/>
            <line blank='1' always='0'/>
            <line tab='0' content='%3Cspan+class%3D%22xdoc-kw3%22%3E%40ModuleStartup+%3C%2Fspan%3E'/>
            <line tab='0' content='%3Cspan+class%3D%22xdoc-kw1%22%3Emodule%3C%2Fspan%3E+%3Cgo%3E%3Cspan+class%3D%22xdoc-id%22%3EBench%3C%2Fspan%3E%3C%2Fgo%3E+%7B'/>
            <line tab='0' content='%7D'/>
        </synopSpec>
        <specInfo>
            <line tab='0' content='%3Cspan+class%3D%22xdoc-kw3%22%3E%40ModuleStartup+%3C%2Fspan%3E'/>
            <line tab='0' content='%3Cspan+class%3D%22xdoc-kw1%22%3Emodule%3C%2Fspan%3E+%3Cgo%3E%3Cspan+class%3D%22xdoc-id%22%3EBench%3C%2Fspan%3E%3C%2Fgo%3E+%7B%3Cb%3E%26nbsp%3B%26nbsp%3B...%3C%2Fb%3E'/>
            <line tab='0' comment='inherits+%3Ca+class%3D%22xdoc-link%22+href%3D%22..%2F..%2Fxdc%2Fruntime%2FIModule.html%22+title%3D%22xdc.runtime.IModule%22%3Exdc.runtime.IModule%3C%2Fa%3E'/>
        </specInfo>
        <synopMeta>
            <line tab='0' content='%3Cspan+class%3D%22xdoc-kw1%22%3Evar%3C%2Fspan%3E+Bench+%3D+%3Cspan+class%3D%22xdoc-kw3%22%3Exdc.useModule%3C%2Fspan%3E%28%3Cspan+class%3D%22xdoc-id%22%3E%27acme.utils.Bench%27%3C%2Fspan%3E%29%3B'/>
        </synopMeta>
        <synopTarg>
            <line tab='0' content='%3Cspan+class%3D%22xdoc-kw3%22%3E%23include%3C%2Fspan%3E+%3Cspan+class%3D%22xdoc-id%22%3E%26lt%3Bacme%2Futils%2FBench.h%26gt%3B%3C%2Fspan%3E'/>
        </synopTarg>
        <group name='local proxy modules'>
        </group>
        <group name='module-wide constants &amp; types'>
            <decl spacer='1'/>
            <decl spacer='1'/>
            <decl kind='struct' name='Module_State' anchor='.Module_.State' altext='acme.utils.Bench.Module_State' nodoc='0' external='0' overrides='0' readonly='0' instance='0' summary=''>
                <synopSpec>
                    <line tab='0' content='%3Cspan+class%3D%22xdoc-kw1%22%3Estruct%3C%2Fspan%3E+%3Cgo%3E%3Cspan+class%3D%22xdoc-id%22%3EModule_State%3C%2Fspan%3E%3C%2Fgo%3E+%7B'/>
                    <line tab='1' content='%3Cspan+class%3D%22xdoc-kw2%22%3EString%3C%2Fspan%3E%26nbsp%3B%3Cgo%3E%3Cspan+class%3D%22xdoc-id%22%3EbeginMsg%3C%2Fspan%3E%3C%2Fgo%3E%3B'/>
                    <line tab='1' content='%3Cspan+class%3D%22xdoc-kw2%22%3EInt%3C%2Fspan%3E%26nbsp%3B%3Cgo%3E%3Cspan+class%3D%22xdoc-id%22%3EbeginClock%3C%2Fspan%3E%3C%2Fgo%3E%3B'/>
                    <line tab='1' content='%3Cspan+class%3D%22xdoc-kw2%22%3EInt%3C%2Fspan%3E%26nbsp%3B%3Cgo%3E%3Cspan+class%3D%22xdoc-id%22%3Eoverhead%3C%2Fspan%3E%3C%2Fgo%3E%3B'/>
                    <line tab='0' content='%7D%3B'/>
                </synopSpec>
                <synopMeta>
                    <line tab='0' content='%3Cspan+class%3D%22xdoc-kw1%22%3Evar%3C%2Fspan%3E+%3Ci%3Eobj%3C%2Fi%3E+%3D+%3Cspan+class%3D%22xdoc-kw1%22%3Enew%3C%2Fspan%3E+%3Cgo%3EBench.%3Cspan+class%3D%22xdoc-id%22%3EModule_State%3C%2Fspan%3E%3C%2Fgo%3E%3B'/>
                    <line blank='1' always='0'/>
                    <line tab='1' content='%3Ci%3Eobj%3C%2Fi%3E.%3Cgo%3E%3Cspan+class%3D%22xdoc-id%22%3EbeginMsg%3C%2Fspan%3E%3C%2Fgo%3E+%3D+%3Ci%3E%3Cspan+class%3D%22xdoc-kw2%22%3EString%3C%2Fspan%3E%3C%2Fi%3E%3Cb%3E%26nbsp%3B%26nbsp%3B...%3C%2Fb%3E'/>
                    <line tab='1' content='%3Ci%3Eobj%3C%2Fi%3E.%3Cgo%3E%3Cspan+class%3D%22xdoc-id%22%3EbeginClock%3C%2Fspan%3E%3C%2Fgo%3E+%3D+%3Ci%3E%3Cspan+class%3D%22xdoc-kw2%22%3EInt%3C%2Fspan%3E%3C%2Fi%3E%3Cb%3E%26nbsp%3B%26nbsp%3B...%3C%2Fb%3E'/>
                    <line tab='1' content='%3Ci%3Eobj%3C%2Fi%3E.%3Cgo%3E%3Cspan+class%3D%22xdoc-id%22%3Eoverhead%3C%2Fspan%3E%3C%2Fgo%3E+%3D+%3Ci%3E%3Cspan+class%3D%22xdoc-kw2%22%3EInt%3C%2Fspan%3E%3C%2Fi%3E%3Cb%3E%26nbsp%3B%26nbsp%3B...%3C%2Fb%3E'/>
                </synopMeta>
                <synopTarg>
                    <line tab='0' content='%3Cspan+class%3D%22xdoc-kw1%22%3Etypedef%3C%2Fspan%3E+%3Cspan+class%3D%22xdoc-kw1%22%3Estruct%3C%2Fspan%3E+%3Cgo%3E%3Cspan+class%3D%22xdoc-id%22%3EBench_Module_State%3C%2Fspan%3E%3C%2Fgo%3E+%7B'/>
                    <line tab='1' content='%3Cspan+class%3D%22xdoc-kw2%22%3EString%3C%2Fspan%3E%26nbsp%3B%3Cgo%3E%3Cspan+class%3D%22xdoc-id%22%3E%3Cgo%3E%3Cspan+class%3D%22xdoc-id%22%3EbeginMsg%3C%2Fspan%3E%3C%2Fgo%3E%3C%2Fspan%3E%3C%2Fgo%3E%3B'/>
                    <line tab='1' content='%3Cspan+class%3D%22xdoc-kw2%22%3EInt%3C%2Fspan%3E%26nbsp%3B%3Cgo%3E%3Cspan+class%3D%22xdoc-id%22%3E%3Cgo%3E%3Cspan+class%3D%22xdoc-id%22%3EbeginClock%3C%2Fspan%3E%3C%2Fgo%3E%3C%2Fspan%3E%3C%2Fgo%3E%3B'/>
                    <line tab='1' content='%3Cspan+class%3D%22xdoc-kw2%22%3EInt%3C%2Fspan%3E%26nbsp%3B%3Cgo%3E%3Cspan+class%3D%22xdoc-id%22%3E%3Cgo%3E%3Cspan+class%3D%22xdoc-id%22%3Eoverhead%3C%2Fspan%3E%3C%2Fgo%3E%3C%2Fspan%3E%3C%2Fgo%3E%3B'/>
                    <line tab='0' content='%7D+%3Cgo%3E%3Cspan+class%3D%22xdoc-id%22%3EBench_Module_State%3C%2Fspan%3E%3C%2Fgo%3E%3B'/>
                </synopTarg>
            </decl>
        </group>
        <group name='module-wide config parameters'>
            <decl kind='config' name='enableFlag' anchor='enable.Flag' altext='acme.utils.Bench.enableFlag' nodoc='0' external='1' overrides='0' readonly='0' instance='0' summary='Enable%2Fdisable+benchmark+functions'>
                <synopSpec>
                    <line tab='0' content='%3Cspan+class%3D%22xdoc-kw1%22%3Econfig%3C%2Fspan%3E+%3Cspan+class%3D%22xdoc-kw2%22%3EBool%3C%2Fspan%3E%26nbsp%3B%3Cgo%3E%3Cspan+class%3D%22xdoc-id%22%3EenableFlag%3C%2Fspan%3E%3C%2Fgo%3E+%3D+%253Cspan%2Bclass%253D%2522xdoc-kw2%2522%253Etrue%253C%252Fspan%253E%3B'/>
                </synopSpec>
                <synopMeta>
                    <line tab='0' content='%3Cgo%3EBench.%3Cspan+class%3D%22xdoc-id%22%3EenableFlag%3C%2Fspan%3E%3C%2Fgo%3E+%3D+%3Ci%3E%3Cspan+class%3D%22xdoc-kw2%22%3EBool%3C%2Fspan%3E%3C%2Fi%3E+%253Cspan%2Bclass%253D%2522xdoc-kw2%2522%253Etrue%253C%252Fspan%253E%3B'/>
                </synopMeta>
            </decl>
            <decl spacer='1'/>
            <decl kind='config' name='common$' anchor='common$' altext='acme.utils.Bench.common$' nodoc='0' external='1' overrides='0' readonly='0' instance='0' summary='Common+module+configuration+parameters' origin='%3Ca+class%3D%22xdoc-link%22+href%3D%22..%2F..%2Fxdc%2Fruntime%2FIModule.html%23common%24%22+title%3D%22xdc.runtime.IModule.common%24%22%3EIModule%3C%2Fa%3E' metaonly='1'>
                <synopSpec>
                    <line tab='0' content='%3Cspan+class%3D%22xdoc-kw1%22%3Emetaonly+%3C%2Fspan%3E%3Cspan+class%3D%22xdoc-kw1%22%3Econfig%3C%2Fspan%3E+%3Ca+class%3D%22xdoc-link%22+href%3D%22..%2F..%2Fxdc%2Fruntime%2FTypes.html%23.Common%24%22+title%3D%22xdc.runtime.Types.Common%24%22%3ETypes.Common%24%3C%2Fa%3E%26nbsp%3B%3Cgo%3E%3Cspan+class%3D%22xdoc-id%22%3Ecommon%24%3C%2Fspan%3E%3C%2Fgo%3E%3B'/>
                </synopSpec>
                <synopMeta>
                    <line tab='0' content='%3Cgo%3EBench.%3Cspan+class%3D%22xdoc-id%22%3Ecommon%24%3C%2Fspan%3E%3C%2Fgo%3E+%3D+%3Ci%3E%3Ca+class%3D%22xdoc-link%22+href%3D%22..%2F..%2Fxdc%2Fruntime%2FTypes.html%23.Common%24%22+title%3D%22xdc.runtime.Types.Common%24%22%3ETypes.Common%24%3C%2Fa%3E%3C%2Fi%3E+%3Cspan+class%3D%22xdoc-kw2%22%3Eundefined%3C%2Fspan%3E%3B'/>
                </synopMeta>
                <docSect name='details'>
                    <docPara content='All+modules+have+this+configuration+parameter.++Its+name%0A++contains+the+%27%24%27+character+to+ensure+it+does+not+conflict+with%0A++configuration+parameters+declared+by+the+module.++This+allows%0A++new+configuration+parameters+to+be+added+in+the+future+without%0A++any+chance+of+breaking+existing+modules.'/>
                </docSect>
            </decl>
            <decl kind='config' name='configNameMap$' anchor='config.Name.Map$' altext='acme.utils.Bench.configNameMap$' nodoc='1' external='1' overrides='0' readonly='1' instance='0' summary='' origin='%3Ca+class%3D%22xdoc-link%22+href%3D%22..%2F..%2Fxdc%2Fruntime%2FIModule.html%23config.Name.Map%24%22+title%3D%22xdc.runtime.IModule.configNameMap%24%22%3EIModule%3C%2Fa%3E' metaonly='1'>
                <synopSpec>
                    <line tab='0' content='%3Cspan+class%3D%22xdoc-kw1%22%3Emetaonly+%3C%2Fspan%3E%3Cspan+class%3D%22xdoc-kw1%22%3Ereadonly+%3C%2Fspan%3E%3Cspan+class%3D%22xdoc-kw1%22%3Econfig%3C%2Fspan%3E+%3Ca+class%3D%22xdoc-link%22+href%3D%22..%2F..%2Fxdc%2Fruntime%2FTypes.html%23.View.Info%22+title%3D%22xdc.runtime.Types.ViewInfo%22%3ETypes.ViewInfo%3C%2Fa%3E%26nbsp%3B%3Cgo%3E%3Cspan+class%3D%22xdoc-id%22%3EconfigNameMap%24%3C%2Fspan%3E%3C%2Fgo%3E%5B%3Cspan+class%3D%22xdoc-kw1%22%3Estring%3C%2Fspan%3E%5D+%3D+%255B'/>
                    <line tab='1' content='%255B'/>
                    <line tab='2' content='%2522xdc.runtime%252FMemory%2522%252C'/>
                    <line tab='2' content='%257B'/>
                    <line tab='3' content='viewType%253A%2B%2522module%2522%252C'/>
                    <line tab='3' content='fields%253A%2B%255B'/>
                    <line tab='4' content='%2522common%2524.instanceHeap%2522%252C'/>
                    <line tab='4' content='%2522common%2524.instanceSection%2522%252C'/>
                    <line tab='4' content='%2522common%2524.memoryPolicy%2522%252C'/>
                    <line tab='4' content='%2522common%2524.namedModule%2522%252C'/>
                    <line tab='4' content='%2522common%2524.namedInstance%2522%252C'/>
                    <line tab='4' content='%2522common%2524.fxntab%2522%252C'/>
                    <line tab='4' content='%2522common%2524.romPatchTable%2522'/>
                    <line tab='3' content='%255D'/>
                    <line tab='2' content='%257D'/>
                    <line tab='1' content='%255D%252C'/>
                    <line tab='1' content='%255B'/>
                    <line tab='2' content='%2522xdc.runtime%252FDiagnostics%2522%252C'/>
                    <line tab='2' content='%257B'/>
                    <line tab='3' content='viewType%253A%2B%2522module%2522%252C'/>
                    <line tab='3' content='fields%253A%2B%255B'/>
                    <line tab='4' content='%2522common%2524.logger%2522%252C'/>
                    <line tab='4' content='%2522common%2524.diags_ASSERT%2522%252C'/>
                    <line tab='4' content='%2522common%2524.diags_ENTRY%2522%252C'/>
                    <line tab='4' content='%2522common%2524.diags_EXIT%2522%252C'/>
                    <line tab='4' content='%2522common%2524.diags_INTERNAL%2522%252C'/>
                    <line tab='4' content='%2522common%2524.diags_LIFECYCLE%2522%252C'/>
                    <line tab='4' content='%2522common%2524.diags_USER1%2522%252C'/>
                    <line tab='4' content='%2522common%2524.diags_USER2%2522%252C'/>
                    <line tab='4' content='%2522common%2524.diags_USER3%2522%252C'/>
                    <line tab='4' content='%2522common%2524.diags_USER4%2522%252C'/>
                    <line tab='4' content='%2522common%2524.diags_USER5%2522%252C'/>
                    <line tab='4' content='%2522common%2524.diags_USER6%2522%252C'/>
                    <line tab='4' content='%2522common%2524.diags_USER7%2522%252C'/>
                    <line tab='4' content='%2522common%2524.diags_USER8%2522'/>
                    <line tab='3' content='%255D'/>
                    <line tab='2' content='%257D'/>
                    <line tab='1' content='%255D%252C'/>
                    <line tab='1' content='%255B'/>
                    <line tab='2' content='%2522xdc.runtime%252FConcurrency%2522%252C'/>
                    <line tab='2' content='%257B'/>
                    <line tab='3' content='viewType%253A%2B%2522module%2522%252C'/>
                    <line tab='3' content='fields%253A%2B%255B'/>
                    <line tab='4' content='%2522common%2524.gate%2522%252C'/>
                    <line tab='4' content='%2522common%2524.gateParams%2522'/>
                    <line tab='3' content='%255D'/>
                    <line tab='2' content='%257D'/>
                    <line tab='1' content='%255D%252C'/>
                    <line tab='1' content='%255B'/>
                    <line tab='2' content='%2522xdc.runtime%252FLog%2BEvents%2522%252C'/>
                    <line tab='2' content='%257B'/>
                    <line tab='3' content='viewType%253A%2B%2522module%2522%252C'/>
                    <line tab='3' content='fields%253A%2B%255B'/>
                    <line tab='4' content='%2522Log.Event%2522'/>
                    <line tab='3' content='%255D'/>
                    <line tab='2' content='%257D'/>
                    <line tab='1' content='%255D%252C'/>
                    <line tab='1' content='%255B'/>
                    <line tab='2' content='%2522xdc.runtime%252FLog%2BEvents%2522%252C'/>
                    <line tab='2' content='%257B'/>
                    <line tab='3' content='viewType%253A%2B%2522instance%2522%252C'/>
                    <line tab='3' content='fields%253A%2B%255B'/>
                    <line tab='4' content='%2522Log.Event%2522'/>
                    <line tab='3' content='%255D'/>
                    <line tab='2' content='%257D'/>
                    <line tab='1' content='%255D%252C'/>
                    <line tab='1' content='%255B'/>
                    <line tab='2' content='%2522xdc.runtime%252FAsserts%2522%252C'/>
                    <line tab='2' content='%257B'/>
                    <line tab='3' content='viewType%253A%2B%2522module%2522%252C'/>
                    <line tab='3' content='fields%253A%2B%255B'/>
                    <line tab='4' content='%2522Assert.Id%2522'/>
                    <line tab='3' content='%255D'/>
                    <line tab='2' content='%257D'/>
                    <line tab='1' content='%255D%252C'/>
                    <line tab='1' content='%255B'/>
                    <line tab='2' content='%2522xdc.runtime%252FAsserts%2522%252C'/>
                    <line tab='2' content='%257B'/>
                    <line tab='3' content='viewType%253A%2B%2522instance%2522%252C'/>
                    <line tab='3' content='fields%253A%2B%255B'/>
                    <line tab='4' content='%2522Assert.Id%2522'/>
                    <line tab='3' content='%255D'/>
                    <line tab='2' content='%257D'/>
                    <line tab='1' content='%255D%252C'/>
                    <line tab='1' content='%255B'/>
                    <line tab='2' content='%2522xdc.runtime%252FErrors%2522%252C'/>
                    <line tab='2' content='%257B'/>
                    <line tab='3' content='viewType%253A%2B%2522module%2522%252C'/>
                    <line tab='3' content='fields%253A%2B%255B'/>
                    <line tab='4' content='%2522Error.Id%2522'/>
                    <line tab='3' content='%255D'/>
                    <line tab='2' content='%257D'/>
                    <line tab='1' content='%255D%252C'/>
                    <line tab='1' content='%255B'/>
                    <line tab='2' content='%2522xdc.runtime%252FErrors%2522%252C'/>
                    <line tab='2' content='%257B'/>
                    <line tab='3' content='viewType%253A%2B%2522instance%2522%252C'/>
                    <line tab='3' content='fields%253A%2B%255B'/>
                    <line tab='4' content='%2522Error.Id%2522'/>
                    <line tab='3' content='%255D'/>
                    <line tab='2' content='%257D'/>
                    <line tab='1' content='%255D'/>
                    <line tab='0' content='%255D%3B'/>
                </synopSpec>
                <synopMeta>
                    <line tab='0' content='%3Cspan+class%3D%22xdoc-kw1%22%3Econst%3C%2Fspan%3E+%3Cgo%3EBench.%3Cspan+class%3D%22xdoc-id%22%3EconfigNameMap%24%3C%2Fspan%3E%3C%2Fgo%3E+%3D+%3Ci%3E%3Ca+class%3D%22xdoc-link%22+href%3D%22..%2F..%2Fxdc%2Fruntime%2FTypes.html%23.View.Info%22+title%3D%22xdc.runtime.Types.ViewInfo%22%3ETypes.ViewInfo%3C%2Fa%3E%5B%3Cspan+class%3D%22xdoc-kw1%22%3Estring%3C%2Fspan%3E%5D%3C%2Fi%3E+%255B'/>
                    <line tab='1' content='%255B'/>
                    <line tab='2' content='%2522xdc.runtime%252FMemory%2522%252C'/>
                    <line tab='2' content='%257B'/>
                    <line tab='3' content='viewType%253A%2B%2522module%2522%252C'/>
                    <line tab='3' content='fields%253A%2B%255B'/>
                    <line tab='4' content='%2522common%2524.instanceHeap%2522%252C'/>
                    <line tab='4' content='%2522common%2524.instanceSection%2522%252C'/>
                    <line tab='4' content='%2522common%2524.memoryPolicy%2522%252C'/>
                    <line tab='4' content='%2522common%2524.namedModule%2522%252C'/>
                    <line tab='4' content='%2522common%2524.namedInstance%2522%252C'/>
                    <line tab='4' content='%2522common%2524.fxntab%2522%252C'/>
                    <line tab='4' content='%2522common%2524.romPatchTable%2522'/>
                    <line tab='3' content='%255D'/>
                    <line tab='2' content='%257D'/>
                    <line tab='1' content='%255D%252C'/>
                    <line tab='1' content='%255B'/>
                    <line tab='2' content='%2522xdc.runtime%252FDiagnostics%2522%252C'/>
                    <line tab='2' content='%257B'/>
                    <line tab='3' content='viewType%253A%2B%2522module%2522%252C'/>
                    <line tab='3' content='fields%253A%2B%255B'/>
                    <line tab='4' content='%2522common%2524.logger%2522%252C'/>
                    <line tab='4' content='%2522common%2524.diags_ASSERT%2522%252C'/>
                    <line tab='4' content='%2522common%2524.diags_ENTRY%2522%252C'/>
                    <line tab='4' content='%2522common%2524.diags_EXIT%2522%252C'/>
                    <line tab='4' content='%2522common%2524.diags_INTERNAL%2522%252C'/>
                    <line tab='4' content='%2522common%2524.diags_LIFECYCLE%2522%252C'/>
                    <line tab='4' content='%2522common%2524.diags_USER1%2522%252C'/>
                    <line tab='4' content='%2522common%2524.diags_USER2%2522%252C'/>
                    <line tab='4' content='%2522common%2524.diags_USER3%2522%252C'/>
                    <line tab='4' content='%2522common%2524.diags_USER4%2522%252C'/>
                    <line tab='4' content='%2522common%2524.diags_USER5%2522%252C'/>
                    <line tab='4' content='%2522common%2524.diags_USER6%2522%252C'/>
                    <line tab='4' content='%2522common%2524.diags_USER7%2522%252C'/>
                    <line tab='4' content='%2522common%2524.diags_USER8%2522'/>
                    <line tab='3' content='%255D'/>
                    <line tab='2' content='%257D'/>
                    <line tab='1' content='%255D%252C'/>
                    <line tab='1' content='%255B'/>
                    <line tab='2' content='%2522xdc.runtime%252FConcurrency%2522%252C'/>
                    <line tab='2' content='%257B'/>
                    <line tab='3' content='viewType%253A%2B%2522module%2522%252C'/>
                    <line tab='3' content='fields%253A%2B%255B'/>
                    <line tab='4' content='%2522common%2524.gate%2522%252C'/>
                    <line tab='4' content='%2522common%2524.gateParams%2522'/>
                    <line tab='3' content='%255D'/>
                    <line tab='2' content='%257D'/>
                    <line tab='1' content='%255D%252C'/>
                    <line tab='1' content='%255B'/>
                    <line tab='2' content='%2522xdc.runtime%252FLog%2BEvents%2522%252C'/>
                    <line tab='2' content='%257B'/>
                    <line tab='3' content='viewType%253A%2B%2522module%2522%252C'/>
                    <line tab='3' content='fields%253A%2B%255B'/>
                    <line tab='4' content='%2522Log.Event%2522'/>
                    <line tab='3' content='%255D'/>
                    <line tab='2' content='%257D'/>
                    <line tab='1' content='%255D%252C'/>
                    <line tab='1' content='%255B'/>
                    <line tab='2' content='%2522xdc.runtime%252FLog%2BEvents%2522%252C'/>
                    <line tab='2' content='%257B'/>
                    <line tab='3' content='viewType%253A%2B%2522instance%2522%252C'/>
                    <line tab='3' content='fields%253A%2B%255B'/>
                    <line tab='4' content='%2522Log.Event%2522'/>
                    <line tab='3' content='%255D'/>
                    <line tab='2' content='%257D'/>
                    <line tab='1' content='%255D%252C'/>
                    <line tab='1' content='%255B'/>
                    <line tab='2' content='%2522xdc.runtime%252FAsserts%2522%252C'/>
                    <line tab='2' content='%257B'/>
                    <line tab='3' content='viewType%253A%2B%2522module%2522%252C'/>
                    <line tab='3' content='fields%253A%2B%255B'/>
                    <line tab='4' content='%2522Assert.Id%2522'/>
                    <line tab='3' content='%255D'/>
                    <line tab='2' content='%257D'/>
                    <line tab='1' content='%255D%252C'/>
                    <line tab='1' content='%255B'/>
                    <line tab='2' content='%2522xdc.runtime%252FAsserts%2522%252C'/>
                    <line tab='2' content='%257B'/>
                    <line tab='3' content='viewType%253A%2B%2522instance%2522%252C'/>
                    <line tab='3' content='fields%253A%2B%255B'/>
                    <line tab='4' content='%2522Assert.Id%2522'/>
                    <line tab='3' content='%255D'/>
                    <line tab='2' content='%257D'/>
                    <line tab='1' content='%255D%252C'/>
                    <line tab='1' content='%255B'/>
                    <line tab='2' content='%2522xdc.runtime%252FErrors%2522%252C'/>
                    <line tab='2' content='%257B'/>
                    <line tab='3' content='viewType%253A%2B%2522module%2522%252C'/>
                    <line tab='3' content='fields%253A%2B%255B'/>
                    <line tab='4' content='%2522Error.Id%2522'/>
                    <line tab='3' content='%255D'/>
                    <line tab='2' content='%257D'/>
                    <line tab='1' content='%255D%252C'/>
                    <line tab='1' content='%255B'/>
                    <line tab='2' content='%2522xdc.runtime%252FErrors%2522%252C'/>
                    <line tab='2' content='%257B'/>
                    <line tab='3' content='viewType%253A%2B%2522instance%2522%252C'/>
                    <line tab='3' content='fields%253A%2B%255B'/>
                    <line tab='4' content='%2522Error.Id%2522'/>
                    <line tab='3' content='%255D'/>
                    <line tab='2' content='%257D'/>
                    <line tab='1' content='%255D'/>
                    <line tab='0' content='%255D%3B'/>
                </synopMeta>
            </decl>
            <decl kind='config' name='rovShowRawTab$' anchor='rov.Show.Raw.Tab$' altext='acme.utils.Bench.rovShowRawTab$' nodoc='1' external='1' overrides='0' readonly='0' instance='0' summary='' origin='%3Ca+class%3D%22xdoc-link%22+href%3D%22..%2F..%2Fxdc%2Fruntime%2FIModule.html%23rov.Show.Raw.Tab%24%22+title%3D%22xdc.runtime.IModule.rovShowRawTab%24%22%3EIModule%3C%2Fa%3E' metaonly='1'>
                <synopSpec>
                    <line tab='0' content='%3Cspan+class%3D%22xdoc-kw1%22%3Emetaonly+%3C%2Fspan%3E%3Cspan+class%3D%22xdoc-kw1%22%3Econfig%3C%2Fspan%3E+%3Cspan+class%3D%22xdoc-kw2%22%3EBool%3C%2Fspan%3E%26nbsp%3B%3Cgo%3E%3Cspan+class%3D%22xdoc-id%22%3ErovShowRawTab%24%3C%2Fspan%3E%3C%2Fgo%3E+%3D+%253Cspan%2Bclass%253D%2522xdoc-kw2%2522%253Etrue%253C%252Fspan%253E%3B'/>
                </synopSpec>
                <synopMeta>
                    <line tab='0' content='%3Cgo%3EBench.%3Cspan+class%3D%22xdoc-id%22%3ErovShowRawTab%24%3C%2Fspan%3E%3C%2Fgo%3E+%3D+%3Ci%3E%3Cspan+class%3D%22xdoc-kw2%22%3EBool%3C%2Fspan%3E%3C%2Fi%3E+%253Cspan%2Bclass%253D%2522xdoc-kw2%2522%253Etrue%253C%252Fspan%253E%3B'/>
                </synopMeta>
            </decl>
            <decl kind='config' name='viewNameMap$' anchor='view.Name.Map$' altext='acme.utils.Bench.viewNameMap$' nodoc='1' external='1' overrides='0' readonly='0' instance='0' summary='' origin='%3Ca+class%3D%22xdoc-link%22+href%3D%22..%2F..%2Fxdc%2Fruntime%2FIModule.html%23view.Name.Map%24%22+title%3D%22xdc.runtime.IModule.viewNameMap%24%22%3EIModule%3C%2Fa%3E' metaonly='1'>
                <synopSpec>
                    <line tab='0' content='%3Cspan+class%3D%22xdoc-kw1%22%3Emetaonly+%3C%2Fspan%3E%3Cspan+class%3D%22xdoc-kw1%22%3Econfig%3C%2Fspan%3E+%3Ca+class%3D%22xdoc-link%22+href%3D%22..%2F..%2Fxdc%2Fruntime%2FTypes.html%23.View.Info%22+title%3D%22xdc.runtime.Types.ViewInfo%22%3ETypes.ViewInfo%3C%2Fa%3E%26nbsp%3B%3Cgo%3E%3Cspan+class%3D%22xdoc-id%22%3EviewNameMap%24%3C%2Fspan%3E%3C%2Fgo%3E%5B%3Cspan+class%3D%22xdoc-kw1%22%3Estring%3C%2Fspan%3E%5D%3B'/>
                </synopSpec>
                <synopMeta>
                    <line tab='0' content='%3Cgo%3EBench.%3Cspan+class%3D%22xdoc-id%22%3EviewNameMap%24%3C%2Fspan%3E%3C%2Fgo%3E+%3D+%3Ci%3E%3Ca+class%3D%22xdoc-link%22+href%3D%22..%2F..%2Fxdc%2Fruntime%2FTypes.html%23.View.Info%22+title%3D%22xdc.runtime.Types.ViewInfo%22%3ETypes.ViewInfo%3C%2Fa%3E%5B%3Cspan+class%3D%22xdoc-kw1%22%3Estring%3C%2Fspan%3E%5D%3C%2Fi%3E+%3Cspan+class%3D%22xdoc-kw2%22%3Eundefined%3C%2Fspan%3E%3B'/>
                </synopMeta>
            </decl>
        </group>
        <group name='module-wide functions'>
            <decl kind='fxn' name='begin' anchor='begin' altext='acme.utils.Bench.begin' nodoc='0' external='1' overrides='0' readonly='0' instance='0' summary='Start+the+benchmark'>
                <synopSpec>
                    <line tab='0' content='%3Cspan+class%3D%22xdoc-kw2%22%3EVoid%3C%2Fspan%3E%26nbsp%3B%3Cgo%3E%3Cspan+class%3D%22xdoc-id%22%3Ebegin%3C%2Fspan%3E%3C%2Fgo%3E%28+%3Cspan+class%3D%22xdoc-kw2%22%3EString%3C%2Fspan%3E%26nbsp%3B%3Cgo%3E%3Cspan+class%3D%22xdoc-id%22%3Emsg%3C%2Fspan%3E%3C%2Fgo%3E+%29%3B'/>
                </synopSpec>
                <synopTarg>
                    <line tab='0' content='%3Ci%3E%3C%2Fi%3E%3Cspan+class%3D%22xdoc-kw2%22%3EVoid%3C%2Fspan%3E%26nbsp%3B%3Cgo%3E%3Cspan+class%3D%22xdoc-id%22%3EBench_begin%3C%2Fspan%3E%3C%2Fgo%3E%28+%3Cspan+class%3D%22xdoc-kw2%22%3EString%3C%2Fspan%3E%26nbsp%3B%3Cgo%3E%3Cspan+class%3D%22xdoc-id%22%3Emsg%3C%2Fspan%3E%3C%2Fgo%3E+%29%3B'/>
                </synopTarg>
            </decl>
            <decl kind='fxn' name='end' anchor='end' altext='acme.utils.Bench.end' nodoc='0' external='1' overrides='0' readonly='0' instance='0' summary='End+the+benchmark+and+print+the+current+time'>
                <synopSpec>
                    <line tab='0' content='%3Cspan+class%3D%22xdoc-kw2%22%3EVoid%3C%2Fspan%3E%26nbsp%3B%3Cgo%3E%3Cspan+class%3D%22xdoc-id%22%3Eend%3C%2Fspan%3E%3C%2Fgo%3E%28++%29%3B'/>
                </synopSpec>
                <synopTarg>
                    <line tab='0' content='%3Ci%3E%3C%2Fi%3E%3Cspan+class%3D%22xdoc-kw2%22%3EVoid%3C%2Fspan%3E%26nbsp%3B%3Cgo%3E%3Cspan+class%3D%22xdoc-id%22%3EBench_end%3C%2Fspan%3E%3C%2Fgo%3E%28++%29%3B'/>
                </synopTarg>
            </decl>
            <decl spacer='1'/>
        </group>
        <group name='module-wide built-ins'>
            <synopTarg>
                <line tab='0' comment='Get+this+module%27s+unique+id' content='%3Ca+class%3D%22xdoc-link%22+href%3D%22..%2F..%2Fxdc%2Fruntime%2FTypes.html%23.Module.Id%22+title%3D%22xdc.runtime.Types.ModuleId%22%3ETypes_ModuleId%3C%2Fa%3E+%3Cgo%3E%3Cspan+class%3D%22xdoc-id%22%3EBench_Module_id%3C%2Fspan%3E%3C%2Fgo%3E%28+%29%3B'/>
                <line blank='1' always='0'/>
                <line tab='0' comment='Test+if+this+module+has+completed+startup' content='%3Cspan+class%3D%22xdoc-kw2%22%3EBool%3C%2Fspan%3E+%3Cgo%3E%3Cspan+class%3D%22xdoc-id%22%3EBench_Module_startupDone%3C%2Fspan%3E%3C%2Fgo%3E%28+%29%3B'/>
            </synopTarg>
        </group>
    </unit>
</package>
