<?xml version="1.0" encoding="UTF-8"?>
<!--  This file conforms to the DTD xdc/bld/build.dtd -->
<package name="bravo.math" version="" producerId="undefined">
    <units>
        <module name="RandGen"/>
    </units>
    <sources>
        <srcFile name="package/package_bravo.math.c"/>
        <srcFile name="RandGen.c"/>
    </sources>
    <configurations>
    </configurations>
    <makefiles>
        <srcFile name="package.mak" src="package.bld"/>
        <srcFile name="package/package.xdc.dep" src="package.xdc"/>
        <srcFile name="package/package.cfg.dep" src="package.xdc"/>
        <srcFile name="lib/bravo.math.a64P.mak" src="package.bld"/>
        <srcFile name="package/lib/lib/bravo.math/RandGen.o64P.dep" src="RandGen.c"/>
        <srcFile name="package/lib/lib/bravo.math/package/package_bravo.math.o64P.dep" src="package/package_bravo.math.c"/>
        <srcFile name="lib/bravo.math.a86GW.mak" src="package.bld"/>
        <srcFile name="package/lib/lib/bravo.math/RandGen.o86GW.dep" src="RandGen.c"/>
        <srcFile name="package/lib/lib/bravo.math/package/package_bravo.math.o86GW.dep" src="package/package_bravo.math.c"/>
        <srcFile name="package/rel/bravo_math.tar.dep" src="package/rel/bravo_math.xdc.inc"/>
    </makefiles>
    <targets>
        <target name="ti.targets.C64P"
            version="ti.targets.C64P{1,0,6.0,15"
            platform="ti.platforms.sim64Pxx"
            isa="64P"
            suffix="64P"
            rootDir="d:/ti/c6000/6.0.15"
            os="undefined"
            rts="ti.targets.rts6000">
            <model endian="little"
                codeModel="undefined"
                dataModel="undefined"/>
        </target>
        <target name="gnu.targets.Mingw"
            version="gnu.targets.Mingw{1,0,3.4,5"
            platform="host.platforms.PC"
            isa="x86"
            suffix="86GW"
            rootDir="e:/rtsc/mingw"
            os="Windows"
            rts="gnu.targets.rts86GW">
            <model endian="little"
                codeModel="undefined"
                dataModel="undefined"/>
        </target>
    </targets>
    <libraries>
    <library name="lib/bravo.math"
        pname="lib/bravo.math.a64P"
        profile="release"
        target="ti.targets.C64P"/>
    <library name="lib/bravo.math"
        pname="lib/bravo.math.a86GW"
        profile="release"
        target="gnu.targets.Mingw"/>
    </libraries>
    <executables>
    </executables>
    <tests>
    </tests>
    <releases relDir="package/rel/">
    <release name="bravo_math"
        pname="bravo_math.tar"
        label="default"
    >
        <file name="lib/bravo.math.a86GW"/>
        <file name="package/build.cfg"/>
        <file name="package/package.cfg.xdc.inc"/>
        <file name="lib/bravo.math.a64P"/>
        <file name="package/package.ext.xml"/>
        <file name="package/package.xdc.inc"/>
        <file name="package/package.bld.xml"/>
        <file name="package/package.rel.dot"/>
    </release>
    </releases>
    <repositories>
    </repositories>
</package>
