<?xml version="1.0" encoding="UTF-8"?>
<package kind='package' name='bravo.math' nodoc='0' root='../../' summary='Collection+of+math+modules+%5BRTSC+Module+Primer%5D'>
    <line tab='0' content='%3Cspan+class%3D%22xdoc-kw1%22%3Epackage%3C%2Fspan%3E+%3Cgo%3E%3Cspan+class%3D%22xdoc-id%22%3Ebravo.math%3C%2Fspan%3E%3C%2Fgo%3E+%7B'/>
    <line tab='0' content='%7D'/>
    <unit name='RandGen' kind='module' nodoc='0' metaonly='0' summary='Random-number+sequence+generator'>
        <synopSpec>
            <line tab='0' content='%3Cspan+class%3D%22xdoc-kw1%22%3Epackage%3C%2Fspan%3E+%3Ca+class%3D%22xdoc-link%22+href%3D%22..%2F..%2Fbravo%2Fmath%2Fpackage.html%22+title%3D%22bravo.math%22%3Ebravo.math%3C%2Fa%3E%3B'/>
            <line blank='1' always='0'/>
            <line tab='0' content='%3Cspan+class%3D%22xdoc-kw1%22%3Emodule%3C%2Fspan%3E+%3Cgo%3E%3Cspan+class%3D%22xdoc-id%22%3ERandGen%3C%2Fspan%3E%3C%2Fgo%3E+%7B'/>
            <line tab='0' content='%7D'/>
        </synopSpec>
        <specInfo>
            <line tab='0' content='%3Cspan+class%3D%22xdoc-kw1%22%3Emodule%3C%2Fspan%3E+%3Cgo%3E%3Cspan+class%3D%22xdoc-id%22%3ERandGen%3C%2Fspan%3E%3C%2Fgo%3E+%7B%3Cb%3E%26nbsp%3B%26nbsp%3B...%3C%2Fb%3E'/>
            <line tab='0' comment='inherits+%3Ca+class%3D%22xdoc-link%22+href%3D%22..%2F..%2Fxdc%2Fruntime%2FIModule.html%22+title%3D%22xdc.runtime.IModule%22%3Exdc.runtime.IModule%3C%2Fa%3E'/>
            <line tab='0' content='%3Cspan+class%3D%22xdoc-kw1%22%3Einstance%3C%2Fspan%3E%3A%3Cb%3E%26nbsp%3B%26nbsp%3B...%3C%2Fb%3E'/>
        </specInfo>
        <synopMeta>
            <line tab='0' content='%3Cspan+class%3D%22xdoc-kw1%22%3Evar%3C%2Fspan%3E+RandGen+%3D+%3Cspan+class%3D%22xdoc-kw3%22%3Exdc.useModule%3C%2Fspan%3E%28%3Cspan+class%3D%22xdoc-id%22%3E%27bravo.math.RandGen%27%3C%2Fspan%3E%29%3B'/>
        </synopMeta>
        <synopTarg>
            <line tab='0' content='%3Cspan+class%3D%22xdoc-kw3%22%3E%23include%3C%2Fspan%3E+%3Cspan+class%3D%22xdoc-id%22%3E%26lt%3Bbravo%2Fmath%2FRandGen.h%26gt%3B%3C%2Fspan%3E'/>
        </synopTarg>
        <group name='local proxy modules'>
        </group>
        <group name='module-wide constants &amp; types'>
            <decl kind='const' name='MAXVALUE' anchor='.M.A.X.V.A.L.U.E' altext='bravo.math.RandGen.MAXVALUE' nodoc='0' external='1' overrides='0' readonly='0' instance='0' summary='Largest+possible+number+in+a+sequence'>
                <synopSpec>
                    <line tab='0' content='%3Cspan+class%3D%22xdoc-kw1%22%3Econst%3C%2Fspan%3E+%3Cspan+class%3D%22xdoc-kw2%22%3EInt16%3C%2Fspan%3E%26nbsp%3B%3Cgo%3E%3Cspan+class%3D%22xdoc-id%22%3EMAXVALUE%3C%2Fspan%3E%3C%2Fgo%3E+%3D+%25281U%2B%253C%253C%2B15%2529%2B-%2B1%3B'/>
                </synopSpec>
                <synopMeta>
                    <line tab='0' content='%3Cspan+class%3D%22xdoc-kw1%22%3Econst%3C%2Fspan%3E+%3Cgo%3ERandGen.%3Cspan+class%3D%22xdoc-id%22%3EMAXVALUE%3C%2Fspan%3E%3C%2Fgo%3E+%3D+%25281U%2B%253C%253C%2B15%2529%2B-%2B1%3B'/>
                </synopMeta>
                <synopTarg>
                    <line tab='0' content='%3Cspan+class%3D%22xdoc-kw3%22%3E%23define%3C%2Fspan%3E+%3Cgo%3E%3Cspan+class%3D%22xdoc-id%22%3ERandGen_MAXVALUE%3C%2Fspan%3E%3C%2Fgo%3E++%28%3Ci%3E%3Cspan+class%3D%22xdoc-kw2%22%3EInt16%3C%2Fspan%3E%3C%2Fi%3E%29%25281U%2B%253C%253C%2B15%2529%2B-%2B1'/>
                </synopTarg>
            </decl>
            <decl spacer='1'/>
            <decl spacer='1'/>
            <decl kind='struct' name='Instance_State' anchor='.Instance_.State' altext='bravo.math.RandGen.Instance_State' nodoc='0' external='0' overrides='0' readonly='0' instance='0' summary=''>
                <synopSpec>
                    <line tab='0' content='%3Cspan+class%3D%22xdoc-kw1%22%3Estruct%3C%2Fspan%3E+%3Cgo%3E%3Cspan+class%3D%22xdoc-id%22%3EInstance_State%3C%2Fspan%3E%3C%2Fgo%3E+%7B'/>
                    <line tab='1' content='%3Cspan+class%3D%22xdoc-kw2%22%3EInt16%3C%2Fspan%3E%26nbsp%3B%3Cgo%3E%3Cspan+class%3D%22xdoc-id%22%3Erange%3C%2Fspan%3E%3C%2Fgo%3E%3B'/>
                    <line tab='1' content='%3Cspan+class%3D%22xdoc-kw2%22%3EULong%3C%2Fspan%3E%26nbsp%3B%3Cgo%3E%3Cspan+class%3D%22xdoc-id%22%3Enext%3C%2Fspan%3E%3C%2Fgo%3E%3B'/>
                    <line tab='0' content='%7D%3B'/>
                </synopSpec>
                <synopMeta>
                    <line tab='0' content='%3Cspan+class%3D%22xdoc-kw1%22%3Evar%3C%2Fspan%3E+%3Ci%3Eobj%3C%2Fi%3E+%3D+%3Cspan+class%3D%22xdoc-kw1%22%3Enew%3C%2Fspan%3E+%3Cgo%3ERandGen.%3Cspan+class%3D%22xdoc-id%22%3EInstance_State%3C%2Fspan%3E%3C%2Fgo%3E%3B'/>
                    <line blank='1' always='0'/>
                    <line tab='1' content='%3Ci%3Eobj%3C%2Fi%3E.%3Cgo%3E%3Cspan+class%3D%22xdoc-id%22%3Erange%3C%2Fspan%3E%3C%2Fgo%3E+%3D+%3Ci%3E%3Cspan+class%3D%22xdoc-kw2%22%3EInt16%3C%2Fspan%3E%3C%2Fi%3E%3Cb%3E%26nbsp%3B%26nbsp%3B...%3C%2Fb%3E'/>
                    <line tab='1' content='%3Ci%3Eobj%3C%2Fi%3E.%3Cgo%3E%3Cspan+class%3D%22xdoc-id%22%3Enext%3C%2Fspan%3E%3C%2Fgo%3E+%3D+%3Ci%3E%3Cspan+class%3D%22xdoc-kw2%22%3EULong%3C%2Fspan%3E%3C%2Fi%3E%3Cb%3E%26nbsp%3B%26nbsp%3B...%3C%2Fb%3E'/>
                </synopMeta>
                <synopTarg>
                    <line tab='0' content='%3Cspan+class%3D%22xdoc-kw1%22%3Etypedef%3C%2Fspan%3E+%3Cspan+class%3D%22xdoc-kw1%22%3Estruct%3C%2Fspan%3E+%3Cgo%3E%3Cspan+class%3D%22xdoc-id%22%3ERandGen_Instance_State%3C%2Fspan%3E%3C%2Fgo%3E+%7B'/>
                    <line tab='1' content='%3Cspan+class%3D%22xdoc-kw2%22%3EInt16%3C%2Fspan%3E%26nbsp%3B%3Cgo%3E%3Cspan+class%3D%22xdoc-id%22%3E%3Cgo%3E%3Cspan+class%3D%22xdoc-id%22%3Erange%3C%2Fspan%3E%3C%2Fgo%3E%3C%2Fspan%3E%3C%2Fgo%3E%3B'/>
                    <line tab='1' content='%3Cspan+class%3D%22xdoc-kw2%22%3EULong%3C%2Fspan%3E%26nbsp%3B%3Cgo%3E%3Cspan+class%3D%22xdoc-id%22%3E%3Cgo%3E%3Cspan+class%3D%22xdoc-id%22%3Enext%3C%2Fspan%3E%3C%2Fgo%3E%3C%2Fspan%3E%3C%2Fgo%3E%3B'/>
                    <line tab='0' content='%7D+%3Cgo%3E%3Cspan+class%3D%22xdoc-id%22%3ERandGen_Instance_State%3C%2Fspan%3E%3C%2Fgo%3E%3B'/>
                </synopTarg>
            </decl>
        </group>
        <group name='module-wide config parameters'>
            <decl spacer='1'/>
            <decl kind='config' name='configNameMap$' anchor='config.Name.Map$' altext='bravo.math.RandGen.configNameMap$' nodoc='1' external='1' overrides='0' readonly='1' instance='0' summary='' origin='%3Ca+class%3D%22xdoc-link%22+href%3D%22..%2F..%2Fxdc%2Fruntime%2FIModule.html%23config.Name.Map%24%22+title%3D%22xdc.runtime.IModule.configNameMap%24%22%3EIModule%3C%2Fa%3E' metaonly='1'>
                <synopSpec>
                    <line tab='0' content='%3Cspan+class%3D%22xdoc-kw1%22%3Emetaonly+%3C%2Fspan%3E%3Cspan+class%3D%22xdoc-kw1%22%3Ereadonly+%3C%2Fspan%3E%3Cspan+class%3D%22xdoc-kw1%22%3Econfig%3C%2Fspan%3E+%3Ca+class%3D%22xdoc-link%22+href%3D%22..%2F..%2Fxdc%2Fruntime%2FTypes.html%23.View.Info%22+title%3D%22xdc.runtime.Types.ViewInfo%22%3ETypes.ViewInfo%3C%2Fa%3E%26nbsp%3B%3Cgo%3E%3Cspan+class%3D%22xdoc-id%22%3EconfigNameMap%24%3C%2Fspan%3E%3C%2Fgo%3E%5B%3Cspan+class%3D%22xdoc-kw1%22%3Estring%3C%2Fspan%3E%5D+%3D+%255B'/>
                    <line tab='1' content='%255B'/>
                    <line tab='2' content='%2522xdc.runtime%252FMemory%2522%252C'/>
                    <line tab='2' content='%257B'/>
                    <line tab='3' content='viewType%253A%2B%2522module%2522%252C'/>
                    <line tab='3' content='fields%253A%2B%255B'/>
                    <line tab='4' content='%2522common%2524.instanceHeap%2522%252C'/>
                    <line tab='4' content='%2522common%2524.instanceSection%2522%252C'/>
                    <line tab='4' content='%2522common%2524.memoryPolicy%2522%252C'/>
                    <line tab='4' content='%2522common%2524.namedModule%2522%252C'/>
                    <line tab='4' content='%2522common%2524.namedInstance%2522%252C'/>
                    <line tab='4' content='%2522common%2524.fxntab%2522%252C'/>
                    <line tab='4' content='%2522common%2524.romPatchTable%2522'/>
                    <line tab='3' content='%255D'/>
                    <line tab='2' content='%257D'/>
                    <line tab='1' content='%255D%252C'/>
                    <line tab='1' content='%255B'/>
                    <line tab='2' content='%2522xdc.runtime%252FDiagnostics%2522%252C'/>
                    <line tab='2' content='%257B'/>
                    <line tab='3' content='viewType%253A%2B%2522module%2522%252C'/>
                    <line tab='3' content='fields%253A%2B%255B'/>
                    <line tab='4' content='%2522common%2524.logger%2522%252C'/>
                    <line tab='4' content='%2522common%2524.diags_ASSERT%2522%252C'/>
                    <line tab='4' content='%2522common%2524.diags_ENTRY%2522%252C'/>
                    <line tab='4' content='%2522common%2524.diags_EXIT%2522%252C'/>
                    <line tab='4' content='%2522common%2524.diags_INTERNAL%2522%252C'/>
                    <line tab='4' content='%2522common%2524.diags_LIFECYCLE%2522%252C'/>
                    <line tab='4' content='%2522common%2524.diags_USER1%2522%252C'/>
                    <line tab='4' content='%2522common%2524.diags_USER2%2522%252C'/>
                    <line tab='4' content='%2522common%2524.diags_USER3%2522%252C'/>
                    <line tab='4' content='%2522common%2524.diags_USER4%2522%252C'/>
                    <line tab='4' content='%2522common%2524.diags_USER5%2522%252C'/>
                    <line tab='4' content='%2522common%2524.diags_USER6%2522%252C'/>
                    <line tab='4' content='%2522common%2524.diags_USER7%2522%252C'/>
                    <line tab='4' content='%2522common%2524.diags_USER8%2522'/>
                    <line tab='3' content='%255D'/>
                    <line tab='2' content='%257D'/>
                    <line tab='1' content='%255D%252C'/>
                    <line tab='1' content='%255B'/>
                    <line tab='2' content='%2522xdc.runtime%252FConcurrency%2522%252C'/>
                    <line tab='2' content='%257B'/>
                    <line tab='3' content='viewType%253A%2B%2522module%2522%252C'/>
                    <line tab='3' content='fields%253A%2B%255B'/>
                    <line tab='4' content='%2522common%2524.gate%2522%252C'/>
                    <line tab='4' content='%2522common%2524.gateParams%2522'/>
                    <line tab='3' content='%255D'/>
                    <line tab='2' content='%257D'/>
                    <line tab='1' content='%255D%252C'/>
                    <line tab='1' content='%255B'/>
                    <line tab='2' content='%2522xdc.runtime%252FLog%2BEvents%2522%252C'/>
                    <line tab='2' content='%257B'/>
                    <line tab='3' content='viewType%253A%2B%2522module%2522%252C'/>
                    <line tab='3' content='fields%253A%2B%255B'/>
                    <line tab='4' content='%2522Log.Event%2522'/>
                    <line tab='3' content='%255D'/>
                    <line tab='2' content='%257D'/>
                    <line tab='1' content='%255D%252C'/>
                    <line tab='1' content='%255B'/>
                    <line tab='2' content='%2522xdc.runtime%252FLog%2BEvents%2522%252C'/>
                    <line tab='2' content='%257B'/>
                    <line tab='3' content='viewType%253A%2B%2522instance%2522%252C'/>
                    <line tab='3' content='fields%253A%2B%255B'/>
                    <line tab='4' content='%2522Log.Event%2522'/>
                    <line tab='3' content='%255D'/>
                    <line tab='2' content='%257D'/>
                    <line tab='1' content='%255D%252C'/>
                    <line tab='1' content='%255B'/>
                    <line tab='2' content='%2522xdc.runtime%252FAsserts%2522%252C'/>
                    <line tab='2' content='%257B'/>
                    <line tab='3' content='viewType%253A%2B%2522module%2522%252C'/>
                    <line tab='3' content='fields%253A%2B%255B'/>
                    <line tab='4' content='%2522Assert.Id%2522'/>
                    <line tab='3' content='%255D'/>
                    <line tab='2' content='%257D'/>
                    <line tab='1' content='%255D%252C'/>
                    <line tab='1' content='%255B'/>
                    <line tab='2' content='%2522xdc.runtime%252FAsserts%2522%252C'/>
                    <line tab='2' content='%257B'/>
                    <line tab='3' content='viewType%253A%2B%2522instance%2522%252C'/>
                    <line tab='3' content='fields%253A%2B%255B'/>
                    <line tab='4' content='%2522Assert.Id%2522'/>
                    <line tab='3' content='%255D'/>
                    <line tab='2' content='%257D'/>
                    <line tab='1' content='%255D%252C'/>
                    <line tab='1' content='%255B'/>
                    <line tab='2' content='%2522xdc.runtime%252FErrors%2522%252C'/>
                    <line tab='2' content='%257B'/>
                    <line tab='3' content='viewType%253A%2B%2522module%2522%252C'/>
                    <line tab='3' content='fields%253A%2B%255B'/>
                    <line tab='4' content='%2522Error.Id%2522'/>
                    <line tab='3' content='%255D'/>
                    <line tab='2' content='%257D'/>
                    <line tab='1' content='%255D%252C'/>
                    <line tab='1' content='%255B'/>
                    <line tab='2' content='%2522xdc.runtime%252FErrors%2522%252C'/>
                    <line tab='2' content='%257B'/>
                    <line tab='3' content='viewType%253A%2B%2522instance%2522%252C'/>
                    <line tab='3' content='fields%253A%2B%255B'/>
                    <line tab='4' content='%2522Error.Id%2522'/>
                    <line tab='3' content='%255D'/>
                    <line tab='2' content='%257D'/>
                    <line tab='1' content='%255D'/>
                    <line tab='0' content='%255D%3B'/>
                </synopSpec>
                <synopMeta>
                    <line tab='0' content='%3Cspan+class%3D%22xdoc-kw1%22%3Econst%3C%2Fspan%3E+%3Cgo%3ERandGen.%3Cspan+class%3D%22xdoc-id%22%3EconfigNameMap%24%3C%2Fspan%3E%3C%2Fgo%3E+%3D+%3Ci%3E%3Ca+class%3D%22xdoc-link%22+href%3D%22..%2F..%2Fxdc%2Fruntime%2FTypes.html%23.View.Info%22+title%3D%22xdc.runtime.Types.ViewInfo%22%3ETypes.ViewInfo%3C%2Fa%3E%5B%3Cspan+class%3D%22xdoc-kw1%22%3Estring%3C%2Fspan%3E%5D%3C%2Fi%3E+%255B'/>
                    <line tab='1' content='%255B'/>
                    <line tab='2' content='%2522xdc.runtime%252FMemory%2522%252C'/>
                    <line tab='2' content='%257B'/>
                    <line tab='3' content='viewType%253A%2B%2522module%2522%252C'/>
                    <line tab='3' content='fields%253A%2B%255B'/>
                    <line tab='4' content='%2522common%2524.instanceHeap%2522%252C'/>
                    <line tab='4' content='%2522common%2524.instanceSection%2522%252C'/>
                    <line tab='4' content='%2522common%2524.memoryPolicy%2522%252C'/>
                    <line tab='4' content='%2522common%2524.namedModule%2522%252C'/>
                    <line tab='4' content='%2522common%2524.namedInstance%2522%252C'/>
                    <line tab='4' content='%2522common%2524.fxntab%2522%252C'/>
                    <line tab='4' content='%2522common%2524.romPatchTable%2522'/>
                    <line tab='3' content='%255D'/>
                    <line tab='2' content='%257D'/>
                    <line tab='1' content='%255D%252C'/>
                    <line tab='1' content='%255B'/>
                    <line tab='2' content='%2522xdc.runtime%252FDiagnostics%2522%252C'/>
                    <line tab='2' content='%257B'/>
                    <line tab='3' content='viewType%253A%2B%2522module%2522%252C'/>
                    <line tab='3' content='fields%253A%2B%255B'/>
                    <line tab='4' content='%2522common%2524.logger%2522%252C'/>
                    <line tab='4' content='%2522common%2524.diags_ASSERT%2522%252C'/>
                    <line tab='4' content='%2522common%2524.diags_ENTRY%2522%252C'/>
                    <line tab='4' content='%2522common%2524.diags_EXIT%2522%252C'/>
                    <line tab='4' content='%2522common%2524.diags_INTERNAL%2522%252C'/>
                    <line tab='4' content='%2522common%2524.diags_LIFECYCLE%2522%252C'/>
                    <line tab='4' content='%2522common%2524.diags_USER1%2522%252C'/>
                    <line tab='4' content='%2522common%2524.diags_USER2%2522%252C'/>
                    <line tab='4' content='%2522common%2524.diags_USER3%2522%252C'/>
                    <line tab='4' content='%2522common%2524.diags_USER4%2522%252C'/>
                    <line tab='4' content='%2522common%2524.diags_USER5%2522%252C'/>
                    <line tab='4' content='%2522common%2524.diags_USER6%2522%252C'/>
                    <line tab='4' content='%2522common%2524.diags_USER7%2522%252C'/>
                    <line tab='4' content='%2522common%2524.diags_USER8%2522'/>
                    <line tab='3' content='%255D'/>
                    <line tab='2' content='%257D'/>
                    <line tab='1' content='%255D%252C'/>
                    <line tab='1' content='%255B'/>
                    <line tab='2' content='%2522xdc.runtime%252FConcurrency%2522%252C'/>
                    <line tab='2' content='%257B'/>
                    <line tab='3' content='viewType%253A%2B%2522module%2522%252C'/>
                    <line tab='3' content='fields%253A%2B%255B'/>
                    <line tab='4' content='%2522common%2524.gate%2522%252C'/>
                    <line tab='4' content='%2522common%2524.gateParams%2522'/>
                    <line tab='3' content='%255D'/>
                    <line tab='2' content='%257D'/>
                    <line tab='1' content='%255D%252C'/>
                    <line tab='1' content='%255B'/>
                    <line tab='2' content='%2522xdc.runtime%252FLog%2BEvents%2522%252C'/>
                    <line tab='2' content='%257B'/>
                    <line tab='3' content='viewType%253A%2B%2522module%2522%252C'/>
                    <line tab='3' content='fields%253A%2B%255B'/>
                    <line tab='4' content='%2522Log.Event%2522'/>
                    <line tab='3' content='%255D'/>
                    <line tab='2' content='%257D'/>
                    <line tab='1' content='%255D%252C'/>
                    <line tab='1' content='%255B'/>
                    <line tab='2' content='%2522xdc.runtime%252FLog%2BEvents%2522%252C'/>
                    <line tab='2' content='%257B'/>
                    <line tab='3' content='viewType%253A%2B%2522instance%2522%252C'/>
                    <line tab='3' content='fields%253A%2B%255B'/>
                    <line tab='4' content='%2522Log.Event%2522'/>
                    <line tab='3' content='%255D'/>
                    <line tab='2' content='%257D'/>
                    <line tab='1' content='%255D%252C'/>
                    <line tab='1' content='%255B'/>
                    <line tab='2' content='%2522xdc.runtime%252FAsserts%2522%252C'/>
                    <line tab='2' content='%257B'/>
                    <line tab='3' content='viewType%253A%2B%2522module%2522%252C'/>
                    <line tab='3' content='fields%253A%2B%255B'/>
                    <line tab='4' content='%2522Assert.Id%2522'/>
                    <line tab='3' content='%255D'/>
                    <line tab='2' content='%257D'/>
                    <line tab='1' content='%255D%252C'/>
                    <line tab='1' content='%255B'/>
                    <line tab='2' content='%2522xdc.runtime%252FAsserts%2522%252C'/>
                    <line tab='2' content='%257B'/>
                    <line tab='3' content='viewType%253A%2B%2522instance%2522%252C'/>
                    <line tab='3' content='fields%253A%2B%255B'/>
                    <line tab='4' content='%2522Assert.Id%2522'/>
                    <line tab='3' content='%255D'/>
                    <line tab='2' content='%257D'/>
                    <line tab='1' content='%255D%252C'/>
                    <line tab='1' content='%255B'/>
                    <line tab='2' content='%2522xdc.runtime%252FErrors%2522%252C'/>
                    <line tab='2' content='%257B'/>
                    <line tab='3' content='viewType%253A%2B%2522module%2522%252C'/>
                    <line tab='3' content='fields%253A%2B%255B'/>
                    <line tab='4' content='%2522Error.Id%2522'/>
                    <line tab='3' content='%255D'/>
                    <line tab='2' content='%257D'/>
                    <line tab='1' content='%255D%252C'/>
                    <line tab='1' content='%255B'/>
                    <line tab='2' content='%2522xdc.runtime%252FErrors%2522%252C'/>
                    <line tab='2' content='%257B'/>
                    <line tab='3' content='viewType%253A%2B%2522instance%2522%252C'/>
                    <line tab='3' content='fields%253A%2B%255B'/>
                    <line tab='4' content='%2522Error.Id%2522'/>
                    <line tab='3' content='%255D'/>
                    <line tab='2' content='%257D'/>
                    <line tab='1' content='%255D'/>
                    <line tab='0' content='%255D%3B'/>
                </synopMeta>
            </decl>
            <decl spacer='1'/>
            <decl spacer='1'/>
            <decl kind='config' name='common$' anchor='common$' altext='bravo.math.RandGen.common$' nodoc='0' external='1' overrides='0' readonly='0' instance='0' summary='Common+module+configuration+parameters' origin='%3Ca+class%3D%22xdoc-link%22+href%3D%22..%2F..%2Fxdc%2Fruntime%2FIModule.html%23common%24%22+title%3D%22xdc.runtime.IModule.common%24%22%3EIModule%3C%2Fa%3E' metaonly='1'>
                <synopSpec>
                    <line tab='0' content='%3Cspan+class%3D%22xdoc-kw1%22%3Emetaonly+%3C%2Fspan%3E%3Cspan+class%3D%22xdoc-kw1%22%3Econfig%3C%2Fspan%3E+%3Ca+class%3D%22xdoc-link%22+href%3D%22..%2F..%2Fxdc%2Fruntime%2FTypes.html%23.Common%24%22+title%3D%22xdc.runtime.Types.Common%24%22%3ETypes.Common%24%3C%2Fa%3E%26nbsp%3B%3Cgo%3E%3Cspan+class%3D%22xdoc-id%22%3Ecommon%24%3C%2Fspan%3E%3C%2Fgo%3E%3B'/>
                </synopSpec>
                <synopMeta>
                    <line tab='0' content='%3Cgo%3ERandGen.%3Cspan+class%3D%22xdoc-id%22%3Ecommon%24%3C%2Fspan%3E%3C%2Fgo%3E+%3D+%3Ci%3E%3Ca+class%3D%22xdoc-link%22+href%3D%22..%2F..%2Fxdc%2Fruntime%2FTypes.html%23.Common%24%22+title%3D%22xdc.runtime.Types.Common%24%22%3ETypes.Common%24%3C%2Fa%3E%3C%2Fi%3E+%3Cspan+class%3D%22xdoc-kw2%22%3Eundefined%3C%2Fspan%3E%3B'/>
                </synopMeta>
                <docSect name='details'>
                    <docPara content='All+modules+have+this+configuration+parameter.++Its+name%0A++contains+the+%27%24%27+character+to+ensure+it+does+not+conflict+with%0A++configuration+parameters+declared+by+the+module.++This+allows%0A++new+configuration+parameters+to+be+added+in+the+future+without%0A++any+chance+of+breaking+existing+modules.'/>
                </docSect>
            </decl>
            <decl kind='config' name='rovShowRawTab$' anchor='rov.Show.Raw.Tab$' altext='bravo.math.RandGen.rovShowRawTab$' nodoc='1' external='1' overrides='0' readonly='0' instance='0' summary='' origin='%3Ca+class%3D%22xdoc-link%22+href%3D%22..%2F..%2Fxdc%2Fruntime%2FIModule.html%23rov.Show.Raw.Tab%24%22+title%3D%22xdc.runtime.IModule.rovShowRawTab%24%22%3EIModule%3C%2Fa%3E' metaonly='1'>
                <synopSpec>
                    <line tab='0' content='%3Cspan+class%3D%22xdoc-kw1%22%3Emetaonly+%3C%2Fspan%3E%3Cspan+class%3D%22xdoc-kw1%22%3Econfig%3C%2Fspan%3E+%3Cspan+class%3D%22xdoc-kw2%22%3EBool%3C%2Fspan%3E%26nbsp%3B%3Cgo%3E%3Cspan+class%3D%22xdoc-id%22%3ErovShowRawTab%24%3C%2Fspan%3E%3C%2Fgo%3E+%3D+%253Cspan%2Bclass%253D%2522xdoc-kw2%2522%253Etrue%253C%252Fspan%253E%3B'/>
                </synopSpec>
                <synopMeta>
                    <line tab='0' content='%3Cgo%3ERandGen.%3Cspan+class%3D%22xdoc-id%22%3ErovShowRawTab%24%3C%2Fspan%3E%3C%2Fgo%3E+%3D+%3Ci%3E%3Cspan+class%3D%22xdoc-kw2%22%3EBool%3C%2Fspan%3E%3C%2Fi%3E+%253Cspan%2Bclass%253D%2522xdoc-kw2%2522%253Etrue%253C%252Fspan%253E%3B'/>
                </synopMeta>
            </decl>
            <decl kind='config' name='viewNameMap$' anchor='view.Name.Map$' altext='bravo.math.RandGen.viewNameMap$' nodoc='1' external='1' overrides='0' readonly='0' instance='0' summary='Specifies+the+ROV+views+for+the+module' origin='%3Ca+class%3D%22xdoc-link%22+href%3D%22..%2F..%2Fxdc%2Fruntime%2FIModule.html%23view.Name.Map%24%22+title%3D%22xdc.runtime.IModule.viewNameMap%24%22%3EIModule%3C%2Fa%3E' metaonly='1'>
                <synopSpec>
                    <line tab='0' content='%3Cspan+class%3D%22xdoc-kw1%22%3Emetaonly+%3C%2Fspan%3E%3Cspan+class%3D%22xdoc-kw1%22%3Econfig%3C%2Fspan%3E+%3Ca+class%3D%22xdoc-link%22+href%3D%22..%2F..%2Fxdc%2Fruntime%2FTypes.html%23.View.Info%22+title%3D%22xdc.runtime.Types.ViewInfo%22%3ETypes.ViewInfo%3C%2Fa%3E%26nbsp%3B%3Cgo%3E%3Cspan+class%3D%22xdoc-id%22%3EviewNameMap%24%3C%2Fspan%3E%3C%2Fgo%3E%5B%3Cspan+class%3D%22xdoc-kw1%22%3Estring%3C%2Fspan%3E%5D%3B'/>
                </synopSpec>
                <synopMeta>
                    <line tab='0' content='%3Cgo%3ERandGen.%3Cspan+class%3D%22xdoc-id%22%3EviewNameMap%24%3C%2Fspan%3E%3C%2Fgo%3E+%3D+%3Ci%3E%3Ca+class%3D%22xdoc-link%22+href%3D%22..%2F..%2Fxdc%2Fruntime%2FTypes.html%23.View.Info%22+title%3D%22xdc.runtime.Types.ViewInfo%22%3ETypes.ViewInfo%3C%2Fa%3E%5B%3Cspan+class%3D%22xdoc-kw1%22%3Estring%3C%2Fspan%3E%5D%3C%2Fi%3E+%3Cspan+class%3D%22xdoc-kw2%22%3Eundefined%3C%2Fspan%3E%3B'/>
                </synopMeta>
            </decl>
        </group>
        <group name='module-wide functions'>
            <decl spacer='1'/>
        </group>
        <group name='module-wide built-ins'>
            <synopTarg>
                <line tab='0' comment='Get+this+module%27s+unique+id' content='%3Ca+class%3D%22xdoc-link%22+href%3D%22..%2F..%2Fxdc%2Fruntime%2FTypes.html%23.Module.Id%22+title%3D%22xdc.runtime.Types.ModuleId%22%3ETypes_ModuleId%3C%2Fa%3E+%3Cgo%3E%3Cspan+class%3D%22xdoc-id%22%3ERandGen_Module_id%3C%2Fspan%3E%3C%2Fgo%3E%28+%29%3B'/>
                <line blank='1' always='0'/>
                <line tab='0' comment='Test+if+this+module+has+completed+startup' content='%3Cspan+class%3D%22xdoc-kw2%22%3EBool%3C%2Fspan%3E+%3Cgo%3E%3Cspan+class%3D%22xdoc-id%22%3ERandGen_Module_startupDone%3C%2Fspan%3E%3C%2Fgo%3E%28+%29%3B'/>
                <line tab='0' comment='The+heap+from+which+this+module+allocates+memory' content='%3Ca+class%3D%22xdoc-link%22+href%3D%22..%2F..%2Fxdc%2Fruntime%2FIHeap.html%23per-instance_object_types%22+title%3D%22xdc.runtime.IHeap.Handle%22%3EIHeap_Handle%3C%2Fa%3E+%3Cgo%3E%3Cspan+class%3D%22xdoc-id%22%3ERandGen_Module_heap%3C%2Fspan%3E%3C%2Fgo%3E%28+%29%3B'/>
                <line blank='1' always='0'/>
            </synopTarg>
        </group>
        <group name='$instance'>
            <synopSpec>
                <line tab='0' content='%3Cspan+class%3D%22xdoc-kw1%22%3Einstance%3C%2Fspan%3E%3A'/>
                <line blank='1' always='0'/>
            </synopSpec>
        </group>
        <group name='per-instance object types'>
            <synopTarg>
                <line tab='0' comment='Opaque+internal+representation+of+an+instance+object' content='%3Cspan+class%3D%22xdoc-kw1%22%3Etypedef%3C%2Fspan%3E+%3Cspan+class%3D%22xdoc-kw1%22%3Estruct%3C%2Fspan%3E+%3Cgo%3E%3Cspan+class%3D%22xdoc-id%22%3ERandGen_Object%3C%2Fspan%3E%3C%2Fgo%3E+%3Cgo%3E%3Cspan+class%3D%22xdoc-id%22%3ERandGen_Object%3C%2Fspan%3E%3C%2Fgo%3E%3B'/>
                <line blank='1' always='0'/>
                <line tab='0' comment='Client+reference+to+an+instance+object' content='%3Cspan+class%3D%22xdoc-kw1%22%3Etypedef%3C%2Fspan%3E+%3Ca+class%3D%22xdoc-link%22+href%3D%22..%2F..%2Fbravo%2Fmath%2FRandGen.html%23per-instance_object_types%22+title%3D%22bravo.math.RandGen.Object%22%3ERandGen_Object%3C%2Fa%3E+*%3Cgo%3E%3Cspan+class%3D%22xdoc-id%22%3ERandGen_Handle%3C%2Fspan%3E%3C%2Fgo%3E%3B'/>
                <line blank='1' always='0'/>
                <line tab='0' comment='Opaque+client+structure+large+enough+to+hold+an+instance+object' content='%3Cspan+class%3D%22xdoc-kw1%22%3Etypedef%3C%2Fspan%3E+%3Cspan+class%3D%22xdoc-kw1%22%3Estruct%3C%2Fspan%3E+%3Cgo%3E%3Cspan+class%3D%22xdoc-id%22%3ERandGen_Struct%3C%2Fspan%3E%3C%2Fgo%3E+%3Cgo%3E%3Cspan+class%3D%22xdoc-id%22%3ERandGen_Struct%3C%2Fspan%3E%3C%2Fgo%3E%3B'/>
                <line blank='1' always='1'/>
                <line tab='0' comment='Convert+this+instance+structure+pointer+into+an+instance+handle' content='%3Ca+class%3D%22xdoc-link%22+href%3D%22..%2F..%2Fbravo%2Fmath%2FRandGen.html%23per-instance_object_types%22+title%3D%22bravo.math.RandGen.Handle%22%3ERandGen_Handle%3C%2Fa%3E+%3Cgo%3E%3Cspan+class%3D%22xdoc-id%22%3ERandGen_handle%3C%2Fspan%3E%3C%2Fgo%3E%28+%3Ca+class%3D%22xdoc-link%22+href%3D%22..%2F..%2Fbravo%2Fmath%2FRandGen.html%23per-instance_object_types%22+title%3D%22bravo.math.RandGen.Struct%22%3ERandGen_Struct%3C%2Fa%3E+*structP+%29%3B'/>
                <line blank='1' always='0'/>
                <line tab='0' comment='Convert+this+instance+handle+into+an+instance+structure+pointer' content='%3Ca+class%3D%22xdoc-link%22+href%3D%22..%2F..%2Fbravo%2Fmath%2FRandGen.html%23per-instance_object_types%22+title%3D%22bravo.math.RandGen.Struct%22%3ERandGen_Struct%3C%2Fa%3E+*%3Cgo%3E%3Cspan+class%3D%22xdoc-id%22%3ERandGen_struct%3C%2Fspan%3E%3C%2Fgo%3E%28+%3Ca+class%3D%22xdoc-link%22+href%3D%22..%2F..%2Fbravo%2Fmath%2FRandGen.html%23per-instance_object_types%22+title%3D%22bravo.math.RandGen.Handle%22%3ERandGen_Handle%3C%2Fa%3E+handle+%29%3B'/>
            </synopTarg>
        </group>
        <group name='per-instance config parameters'>
            <synopMeta>
                <line tab='0' comment='Instance+config-params+object' content='%3Cspan+class%3D%22xdoc-kw1%22%3Evar%3C%2Fspan%3E+params+%3D+%3Cspan+class%3D%22xdoc-kw1%22%3Enew%3C%2Fspan%3E+RandGen.%3Cgo%3E%3Cspan+class%3D%22xdoc-id%22%3EParams%3C%2Fspan%3E%3C%2Fgo%3E%3B'/>
                <line tab='1' comment='Numbers+between+%280%2C+%3Ctt%3Erange%3C%2Ftt%3E%5D' anchor='range' altext='bravo.math.RandGen.range' content='params.%3Cgo%3E%3Cspan+class%3D%22xdoc-id%22%3Erange%3C%2Fspan%3E%3C%2Fgo%3E+%3D+%3Ci%3E%3Cspan+class%3D%22xdoc-kw2%22%3EInt16%3C%2Fspan%3E%3C%2Fi%3E+%253Ca%2Bclass%253D%2522xdoc-link%2522%2Bhref%253D%2522..%252F..%252Fbravo%252Fmath%252FRandGen.html%2523.M.A.X.V.A.L.U.E%2522%2Btitle%253D%2522bravo.math.RandGen.MAXVALUE%2522%253ERandGen.MAXVALUE%253C%252Fa%253E%3B'/>
                <line tab='1' comment='Random-number+seed+value' anchor='seed' altext='bravo.math.RandGen.seed' content='params.%3Cgo%3E%3Cspan+class%3D%22xdoc-id%22%3Eseed%3C%2Fspan%3E%3C%2Fgo%3E+%3D+%3Ci%3E%3Cspan+class%3D%22xdoc-kw2%22%3EUInt%3C%2Fspan%3E%3C%2Fi%3E+1%3B'/>
            </synopMeta>
            <synopTarg>
                <line tab='0' comment='Instance+config-params+structure' content='%3Cspan+class%3D%22xdoc-kw1%22%3Etypedef%3C%2Fspan%3E+%3Cspan+class%3D%22xdoc-kw1%22%3Estruct%3C%2Fspan%3E+%3Cgo%3E%3Cspan+class%3D%22xdoc-id%22%3ERandGen_Params%3C%2Fspan%3E%3C%2Fgo%3E+%7B'/>
                <line tab='1' comment='Common+per-instance+configs' content='%3Ca+class%3D%22xdoc-link%22+href%3D%22..%2F..%2Fxdc%2Fruntime%2FIInstance.html%23per-instance_config_parameters%22+title%3D%22xdc.runtime.IInstance.Params%22%3EIInstance_Params%3C%2Fa%3E+*instance%3B'/>
                <line tab='1' comment='Numbers+between+%280%2C+%3Ctt%3Erange%3C%2Ftt%3E%5D' anchor='range' altext='bravo.math.RandGen.range' content='%3Cspan+class%3D%22xdoc-kw2%22%3EInt16%3C%2Fspan%3E%26nbsp%3B%3Cgo%3E%3Cspan+class%3D%22xdoc-id%22%3Erange%3C%2Fspan%3E%3C%2Fgo%3E%3B'/>
                <line tab='1' comment='Random-number+seed+value' anchor='seed' altext='bravo.math.RandGen.seed' content='%3Cspan+class%3D%22xdoc-kw2%22%3EUInt%3C%2Fspan%3E%26nbsp%3B%3Cgo%3E%3Cspan+class%3D%22xdoc-id%22%3Eseed%3C%2Fspan%3E%3C%2Fgo%3E%3B'/>
                <line tab='0' content='%7D+%3Cgo%3E%3Cspan+class%3D%22xdoc-id%22%3ERandGen_Params%3C%2Fspan%3E%3C%2Fgo%3E%3B'/>
                <line blank='1' always='1'/>
                <line tab='0' comment='Initialize+this+config-params+structure+with+supplier-specified+defaults+before+instance+creation' content='%3Cspan+class%3D%22xdoc-kw2%22%3EVoid%3C%2Fspan%3E+%3Cgo%3E%3Cspan+class%3D%22xdoc-id%22%3ERandGen_Params_init%3C%2Fspan%3E%3C%2Fgo%3E%28+%3Ca+class%3D%22xdoc-link%22+href%3D%22..%2F..%2Fbravo%2Fmath%2FRandGen.html%23per-instance_config_parameters%22+title%3D%22bravo.math.RandGen.Params%22%3ERandGen_Params%3C%2Fa%3E+*params+%29%3B'/>
            </synopTarg>
            <decl kind='config' name='range' anchor='range' altext='bravo.math.RandGen.range' nodoc='0' external='1' overrides='0' readonly='0' instance='1' summary='Numbers+between+%280%2C+%3Ctt%3Erange%3C%2Ftt%3E%5D'>
                <synopSpec>
                    <line tab='0' content='%3Cspan+class%3D%22xdoc-kw1%22%3Econfig%3C%2Fspan%3E+%3Cspan+class%3D%22xdoc-kw2%22%3EInt16%3C%2Fspan%3E%26nbsp%3B%3Cgo%3E%3Cspan+class%3D%22xdoc-id%22%3Erange%3C%2Fspan%3E%3C%2Fgo%3E+%3D+%253Ca%2Bclass%253D%2522xdoc-link%2522%2Bhref%253D%2522..%252F..%252Fbravo%252Fmath%252FRandGen.html%2523.M.A.X.V.A.L.U.E%2522%2Btitle%253D%2522bravo.math.RandGen.MAXVALUE%2522%253ERandGen.MAXVALUE%253C%252Fa%253E%3B'/>
                </synopSpec>
                <synopMeta>
                    <line tab='0' content='%3Cspan+class%3D%22xdoc-kw1%22%3Evar%3C%2Fspan%3E+params+%3D+%3Cspan+class%3D%22xdoc-kw1%22%3Enew%3C%2Fspan%3E+RandGen.%3Cgo%3E%3Cspan+class%3D%22xdoc-id%22%3EParams%3C%2Fspan%3E%3C%2Fgo%3E%3B'/>
                    <line tab='0' content='%3Cb%3E%26nbsp%3B%26nbsp%3B...%3C%2Fb%3E'/>
                    <line tab='0' content='%3Cgo%3Eparams.%3Cspan+class%3D%22xdoc-id%22%3Erange%3C%2Fspan%3E%3C%2Fgo%3E+%3D+%3Ci%3E%3Cspan+class%3D%22xdoc-kw2%22%3EInt16%3C%2Fspan%3E%3C%2Fi%3E+%253Ca%2Bclass%253D%2522xdoc-link%2522%2Bhref%253D%2522..%252F..%252Fbravo%252Fmath%252FRandGen.html%2523.M.A.X.V.A.L.U.E%2522%2Btitle%253D%2522bravo.math.RandGen.MAXVALUE%2522%253ERandGen.MAXVALUE%253C%252Fa%253E%3B'/>
                </synopMeta>
                <synopTarg>
                    <line tab='0' content='%3Cspan+class%3D%22xdoc-kw1%22%3Estruct%3C%2Fspan%3E+%3Ca+class%3D%22xdoc-link%22+href%3D%22..%2F..%2Fbravo%2Fmath%2FRandGen.html%23per-instance_config_parameters%22+title%3D%22bravo.math.RandGen.Params%22%3ERandGen_Params%3C%2Fa%3E+%7B'/>
                    <line tab='1' content='%3Cb%3E%26nbsp%3B%26nbsp%3B...%3C%2Fb%3E'/>
                    <line tab='1' content='%3Cspan+class%3D%22xdoc-kw2%22%3EInt16%3C%2Fspan%3E%26nbsp%3B%3Cgo%3E%3Cspan+class%3D%22xdoc-id%22%3Erange%3C%2Fspan%3E%3C%2Fgo%3E%3B'/>
                </synopTarg>
            </decl>
            <decl kind='config' name='seed' anchor='seed' altext='bravo.math.RandGen.seed' nodoc='0' external='1' overrides='0' readonly='0' instance='1' summary='Random-number+seed+value'>
                <synopSpec>
                    <line tab='0' content='%3Cspan+class%3D%22xdoc-kw1%22%3Econfig%3C%2Fspan%3E+%3Cspan+class%3D%22xdoc-kw2%22%3EUInt%3C%2Fspan%3E%26nbsp%3B%3Cgo%3E%3Cspan+class%3D%22xdoc-id%22%3Eseed%3C%2Fspan%3E%3C%2Fgo%3E+%3D+1%3B'/>
                </synopSpec>
                <synopMeta>
                    <line tab='0' content='%3Cspan+class%3D%22xdoc-kw1%22%3Evar%3C%2Fspan%3E+params+%3D+%3Cspan+class%3D%22xdoc-kw1%22%3Enew%3C%2Fspan%3E+RandGen.%3Cgo%3E%3Cspan+class%3D%22xdoc-id%22%3EParams%3C%2Fspan%3E%3C%2Fgo%3E%3B'/>
                    <line tab='0' content='%3Cb%3E%26nbsp%3B%26nbsp%3B...%3C%2Fb%3E'/>
                    <line tab='0' content='%3Cgo%3Eparams.%3Cspan+class%3D%22xdoc-id%22%3Eseed%3C%2Fspan%3E%3C%2Fgo%3E+%3D+%3Ci%3E%3Cspan+class%3D%22xdoc-kw2%22%3EUInt%3C%2Fspan%3E%3C%2Fi%3E+1%3B'/>
                </synopMeta>
                <synopTarg>
                    <line tab='0' content='%3Cspan+class%3D%22xdoc-kw1%22%3Estruct%3C%2Fspan%3E+%3Ca+class%3D%22xdoc-link%22+href%3D%22..%2F..%2Fbravo%2Fmath%2FRandGen.html%23per-instance_config_parameters%22+title%3D%22bravo.math.RandGen.Params%22%3ERandGen_Params%3C%2Fa%3E+%7B'/>
                    <line tab='1' content='%3Cb%3E%26nbsp%3B%26nbsp%3B...%3C%2Fb%3E'/>
                    <line tab='1' content='%3Cspan+class%3D%22xdoc-kw2%22%3EUInt%3C%2Fspan%3E%26nbsp%3B%3Cgo%3E%3Cspan+class%3D%22xdoc-id%22%3Eseed%3C%2Fspan%3E%3C%2Fgo%3E%3B'/>
                </synopTarg>
            </decl>
            <decl spacer='1'/>
        </group>
        <group name='per-instance creation'>
            <synopSpec>
                <line tab='0' comment='Create+an+instance-object' content='%3Cgo%3E%3Cspan+class%3D%22xdoc-id%22%3Ecreate%3C%2Fspan%3E%3C%2Fgo%3E%28++%29%3B'/>
            </synopSpec>
            <synopMeta>
                <line elem='1'/>
                <line tab='0' comment='Allocate+instance+config-params' content='%3Cspan+class%3D%22xdoc-kw1%22%3Evar%3C%2Fspan%3E+params+%3D+%3Cspan+class%3D%22xdoc-kw1%22%3Enew%3C%2Fspan%3E+RandGen.%3Ca+class%3D%22xdoc-link%22+href%3D%22..%2F..%2Fbravo%2Fmath%2FRandGen.html%23per-instance_config_parameters%22+title%3D%22bravo.math.RandGen.Params%22%3EParams%3C%2Fa%3E%3B'/>
                <line tab='0' comment='Assign+individual+configs' content='params.%3Ci%3Econfig%3C%2Fi%3E+%3D+%3Cb%3E%26nbsp%3B%26nbsp%3B...%3C%2Fb%3E'/>
                <line blank='1' always='0'/>
                <line elem='0'/>
                <line tab='0' comment='Create+an+instance-object' content='%3Cspan+class%3D%22xdoc-kw1%22%3Evar%3C%2Fspan%3E+inst+%3D+RandGen.%3Cgo%3E%3Cspan+class%3D%22xdoc-id%22%3Ecreate%3C%2Fspan%3E%3C%2Fgo%3E%28+params+%29%3B'/>
            </synopMeta>
            <synopTarg>
                <line tab='0' comment='Allocate+and+initialize+a+new+instance+object+and+return+its+handle' content='%3Ca+class%3D%22xdoc-link%22+href%3D%22..%2F..%2Fbravo%2Fmath%2FRandGen.html%23per-instance_object_types%22+title%3D%22bravo.math.RandGen.Handle%22%3ERandGen_Handle%3C%2Fa%3E+%3Cgo%3E%3Cspan+class%3D%22xdoc-id%22%3ERandGen_create%3C%2Fspan%3E%3C%2Fgo%3E%28+%3Cspan+class%3D%22xdoc-kw1%22%3Econst%3C%2Fspan%3E+%3Ca+class%3D%22xdoc-link%22+href%3D%22..%2F..%2Fbravo%2Fmath%2FRandGen.html%23per-instance_config_parameters%22+title%3D%22bravo.math.RandGen.Params%22%3ERandGen_Params%3C%2Fa%3E+*params%2C+%3Ca+class%3D%22xdoc-link%22+href%3D%22..%2F..%2Fxdc%2Fruntime%2FError.html%23.Block%22+title%3D%22xdc.runtime.Error.Block%22%3EError_Block%3C%2Fa%3E+*eb+%29%3B'/>
                <line blank='1' always='0'/>
                <line tab='0' comment='Initialize+a+new+instance+object+inside+the+provided+structure' content='%3Cspan+class%3D%22xdoc-kw2%22%3EVoid%3C%2Fspan%3E+%3Cgo%3E%3Cspan+class%3D%22xdoc-id%22%3ERandGen_construct%3C%2Fspan%3E%3C%2Fgo%3E%28+%3Ca+class%3D%22xdoc-link%22+href%3D%22..%2F..%2Fbravo%2Fmath%2FRandGen.html%23per-instance_object_types%22+title%3D%22bravo.math.RandGen.Struct%22%3ERandGen_Struct%3C%2Fa%3E+*structP%2C+%3Cspan+class%3D%22xdoc-kw1%22%3Econst%3C%2Fspan%3E+%3Ca+class%3D%22xdoc-link%22+href%3D%22..%2F..%2Fbravo%2Fmath%2FRandGen.html%23per-instance_config_parameters%22+title%3D%22bravo.math.RandGen.Params%22%3ERandGen_Params%3C%2Fa%3E+*params+%29%3B'/>
            </synopTarg>
            <docSect name='ARGUMENTS'>
                <docChild name='params' summary='per-instance+config+params%2C+or+%3Ctt%3ENULL%3C%2Ftt%3E+to+select+default+values+%28target-domain+only%29'>
                </docChild>
                <docChild name='eb' summary='active+error-handling+block%2C+or+%3Ctt%3ENULL%3C%2Ftt%3E+to+select+default+policy+%28target-domain+only%29'>
                </docChild>
            </docSect>
        </group>
        <group name='per-instance deletion'>
            <synopTarg>
                <line tab='0' comment='Finalize+and+free+this+previously+allocated+instance+object%2C+setting+the+referenced+handle+to+NULL' content='%3Cspan+class%3D%22xdoc-kw2%22%3EVoid%3C%2Fspan%3E+%3Cgo%3E%3Cspan+class%3D%22xdoc-id%22%3ERandGen_delete%3C%2Fspan%3E%3C%2Fgo%3E%28+%3Ca+class%3D%22xdoc-link%22+href%3D%22..%2F..%2Fbravo%2Fmath%2FRandGen.html%23per-instance_object_types%22+title%3D%22bravo.math.RandGen.Handle%22%3ERandGen_Handle%3C%2Fa%3E+*handleP+%29%3B'/>
                <line blank='1' always='0'/>
                <line tab='0' comment='Finalize+the+instance+object+inside+the+provided+structure' content='%3Cspan+class%3D%22xdoc-kw2%22%3EVoid%3C%2Fspan%3E+%3Cgo%3E%3Cspan+class%3D%22xdoc-id%22%3ERandGen_destruct%3C%2Fspan%3E%3C%2Fgo%3E%28+%3Ca+class%3D%22xdoc-link%22+href%3D%22..%2F..%2Fbravo%2Fmath%2FRandGen.html%23per-instance_object_types%22+title%3D%22bravo.math.RandGen.Struct%22%3ERandGen_Struct%3C%2Fa%3E+*structP+%29%3B'/>
            </synopTarg>
        </group>
        <group name='per-instance functions'>
            <decl kind='fxn' name='next' anchor='next' altext='bravo.math.RandGen.next' nodoc='0' external='1' overrides='0' readonly='0' instance='1' summary='Generate+the+next+number+in+this+sequence'>
                <synopSpec>
                    <line tab='0' content='%3Cspan+class%3D%22xdoc-kw2%22%3EInt16%3C%2Fspan%3E%26nbsp%3B%3Cgo%3E%3Cspan+class%3D%22xdoc-id%22%3Enext%3C%2Fspan%3E%3C%2Fgo%3E%28++%29%3B'/>
                </synopSpec>
                <synopTarg>
                    <line tab='0' content='%3Ci%3E%3C%2Fi%3E%3Cspan+class%3D%22xdoc-kw2%22%3EInt16%3C%2Fspan%3E%26nbsp%3B%3Cgo%3E%3Cspan+class%3D%22xdoc-id%22%3ERandGen_next%3C%2Fspan%3E%3C%2Fgo%3E%28+%3Ca+class%3D%22xdoc-link%22+href%3D%22..%2F..%2Fbravo%2Fmath%2FRandGen.html%23per-instance_object_types%22+title%3D%22bravo.math.RandGen.Handle%22%3ERandGen_Handle%3C%2Fa%3E+handle+%29%3B'/>
                </synopTarg>
                <docSect name='ARGUMENTS'>
                    <docChild name='handle' summary='handle+of+a+previously-created+%3Ctt%3ERandGen%3C%2Ftt%3E+instance+object'>
                    </docChild>
                </docSect>
            </decl>
            <decl kind='fxn' name='nextn' anchor='nextn' altext='bravo.math.RandGen.nextn' nodoc='0' external='1' overrides='0' readonly='0' instance='1' summary='Generate+the+next+%3Ctt%3Ecount%3C%2Ftt%3E+numbers+in+this+sequence'>
                <synopSpec>
                    <line tab='0' content='%3Cspan+class%3D%22xdoc-kw2%22%3EVoid%3C%2Fspan%3E%26nbsp%3B%3Cgo%3E%3Cspan+class%3D%22xdoc-id%22%3Enextn%3C%2Fspan%3E%3C%2Fgo%3E%28+%3Cspan+class%3D%22xdoc-kw2%22%3EInt16%3C%2Fspan%3E%26nbsp%3B*%3Cgo%3E%3Cspan+class%3D%22xdoc-id%22%3Ebuffer%3C%2Fspan%3E%3C%2Fgo%3E%2C+%3Cspan+class%3D%22xdoc-kw2%22%3EInt%3C%2Fspan%3E%26nbsp%3B%3Cgo%3E%3Cspan+class%3D%22xdoc-id%22%3Ecount%3C%2Fspan%3E%3C%2Fgo%3E+%29%3B'/>
                </synopSpec>
                <synopTarg>
                    <line tab='0' content='%3Ci%3E%3C%2Fi%3E%3Cspan+class%3D%22xdoc-kw2%22%3EVoid%3C%2Fspan%3E%26nbsp%3B%3Cgo%3E%3Cspan+class%3D%22xdoc-id%22%3ERandGen_nextn%3C%2Fspan%3E%3C%2Fgo%3E%28+%3Ca+class%3D%22xdoc-link%22+href%3D%22..%2F..%2Fbravo%2Fmath%2FRandGen.html%23per-instance_object_types%22+title%3D%22bravo.math.RandGen.Handle%22%3ERandGen_Handle%3C%2Fa%3E+handle%2C+%3Cspan+class%3D%22xdoc-kw2%22%3EInt16%3C%2Fspan%3E%26nbsp%3B*%3Cgo%3E%3Cspan+class%3D%22xdoc-id%22%3Ebuffer%3C%2Fspan%3E%3C%2Fgo%3E%2C+%3Cspan+class%3D%22xdoc-kw2%22%3EInt%3C%2Fspan%3E%26nbsp%3B%3Cgo%3E%3Cspan+class%3D%22xdoc-id%22%3Ecount%3C%2Fspan%3E%3C%2Fgo%3E+%29%3B'/>
                </synopTarg>
                <docSect name='ARGUMENTS'>
                    <docChild name='handle' summary='handle+of+a+previously-created+%3Ctt%3ERandGen%3C%2Ftt%3E+instance+object'>
                    </docChild>
                    <docChild name='buffer' summary='output+buffer'>
                    </docChild>
                    <docChild name='count' summary='number+of+numbers'>
                    </docChild>
                </docSect>
            </decl>
            <decl spacer='1'/>
        </group>
        <group name='per-instance built-ins'>
            <synopTarg>
                <line tab='0' comment='The+number+of+statically-created+instance+objects' content='%3Cspan+class%3D%22xdoc-kw2%22%3EInt%3C%2Fspan%3E+%3Cgo%3E%3Cspan+class%3D%22xdoc-id%22%3ERandGen_Object_count%3C%2Fspan%3E%3C%2Fgo%3E%28+%29%3B'/>
                <line blank='1' always='0'/>
                <line tab='0' comment='The+handle+of+the+i-th+statically-created+instance+object+%28array+%3D%3D+NULL%29' content='%3Ca+class%3D%22xdoc-link%22+href%3D%22..%2F..%2Fbravo%2Fmath%2FRandGen.html%23per-instance_object_types%22+title%3D%22bravo.math.RandGen.Handle%22%3ERandGen_Handle%3C%2Fa%3E+%3Cgo%3E%3Cspan+class%3D%22xdoc-id%22%3ERandGen_Object_get%3C%2Fspan%3E%3C%2Fgo%3E%28+%3Ca+class%3D%22xdoc-link%22+href%3D%22..%2F..%2Fbravo%2Fmath%2FRandGen.html%23per-instance_object_types%22+title%3D%22bravo.math.RandGen.Object%22%3ERandGen_Object%3C%2Fa%3E+*array%2C+%3Cspan+class%3D%22xdoc-kw2%22%3EInt%3C%2Fspan%3E+i+%29%3B'/>
                <line blank='1' always='0'/>
                <line tab='0' comment='The+handle+of+the+first+dynamically-created+instance+object%2C+or+NULL' content='%3Ca+class%3D%22xdoc-link%22+href%3D%22..%2F..%2Fbravo%2Fmath%2FRandGen.html%23per-instance_object_types%22+title%3D%22bravo.math.RandGen.Handle%22%3ERandGen_Handle%3C%2Fa%3E+%3Cgo%3E%3Cspan+class%3D%22xdoc-id%22%3ERandGen_Object_first%3C%2Fspan%3E%3C%2Fgo%3E%28+%29%3B'/>
                <line blank='1' always='0'/>
                <line tab='0' comment='The+handle+of+the+next+dynamically-created+instance+object%2C+or+NULL' content='%3Ca+class%3D%22xdoc-link%22+href%3D%22..%2F..%2Fbravo%2Fmath%2FRandGen.html%23per-instance_object_types%22+title%3D%22bravo.math.RandGen.Handle%22%3ERandGen_Handle%3C%2Fa%3E+%3Cgo%3E%3Cspan+class%3D%22xdoc-id%22%3ERandGen_Object_next%3C%2Fspan%3E%3C%2Fgo%3E%28+%3Ca+class%3D%22xdoc-link%22+href%3D%22..%2F..%2Fbravo%2Fmath%2FRandGen.html%23per-instance_object_types%22+title%3D%22bravo.math.RandGen.Handle%22%3ERandGen_Handle%3C%2Fa%3E+handle+%29%3B'/>
                <line blank='1' always='0'/>
                <line tab='0' comment='The+heap+used+to+allocate+dynamically-created+instance+objects' content='%3Ca+class%3D%22xdoc-link%22+href%3D%22..%2F..%2Fxdc%2Fruntime%2FIHeap.html%23per-instance_object_types%22+title%3D%22xdc.runtime.IHeap.Handle%22%3EIHeap_Handle%3C%2Fa%3E+%3Cgo%3E%3Cspan+class%3D%22xdoc-id%22%3ERandGen_Object_heap%3C%2Fspan%3E%3C%2Fgo%3E%28+%29%3B'/>
                <line blank='1' always='0'/>
                <line tab='0' comment='The+label+associated+with+this+instance+object' content='%3Ca+class%3D%22xdoc-link%22+href%3D%22..%2F..%2Fxdc%2Fruntime%2FTypes.html%23.Label%22+title%3D%22xdc.runtime.Types.Label%22%3ETypes_Label%3C%2Fa%3E+*%3Cgo%3E%3Cspan+class%3D%22xdoc-id%22%3ERandGen_Handle_label%3C%2Fspan%3E%3C%2Fgo%3E%28+%3Ca+class%3D%22xdoc-link%22+href%3D%22..%2F..%2Fbravo%2Fmath%2FRandGen.html%23per-instance_object_types%22+title%3D%22bravo.math.RandGen.Handle%22%3ERandGen_Handle%3C%2Fa%3E+handle%2C+%3Ca+class%3D%22xdoc-link%22+href%3D%22..%2F..%2Fxdc%2Fruntime%2FTypes.html%23.Label%22+title%3D%22xdc.runtime.Types.Label%22%3ETypes_Label%3C%2Fa%3E+*buf+%29%3B'/>
                <line blank='1' always='0'/>
                <line tab='0' comment='The+name+of+this+instance+object' content='%3Cspan+class%3D%22xdoc-kw2%22%3EString%3C%2Fspan%3E+%3Cgo%3E%3Cspan+class%3D%22xdoc-id%22%3ERandGen_Handle_name%3C%2Fspan%3E%3C%2Fgo%3E%28+%3Ca+class%3D%22xdoc-link%22+href%3D%22..%2F..%2Fbravo%2Fmath%2FRandGen.html%23per-instance_object_types%22+title%3D%22bravo.math.RandGen.Handle%22%3ERandGen_Handle%3C%2Fa%3E+handle+%29%3B'/>
            </synopTarg>
        </group>
    </unit>
</package>
