<?xml version="1.0" encoding="UTF-8"?>
<!--  This file conforms to the DTD xdc/bld/release.dtd -->
<release name="charlie_sqrtlib-DSP" label="DSP" date="1238366348687" buildCount="44" producerId="undefined">
<package name="charlie.sqrtlib"
    version="1, 0, 2, 6"/>
<imports>
</imports>
<references>
    <package name="xdc.services.intern.cmd"
        version="1, 0, 0, 0, 1237482688509"
        providerId="xdccore">
        <file name="java\package.jar"/>
    </package>
    <package name="xdc.services.intern.xsr"
        version="1, 0, 0, 1237482692212"
        providerId="xdccore">
        <file name="java\package.jar"/>
    </package>
    <package name="xdc.services.intern.gen"
        version="1, 0, 0, 0, 1237482688979"
        providerId="xdccore">
        <file name="java\package.jar"/>
    </package>
    <targetRoot base="D:/ti/c6000/6.0.15/"
        trgs="ti.targets.C64P">
        <file name="include\stdarg.h"/>
        <file name="include\stddef.h"/>
        <file name="include\stdint.h"/>
    </targetRoot>
    <package name="gnu.targets"
        version="1, 0, 1, 1237482410734"
        providerId="xdccore">
        <file name="ITarget.xs"/>
        <file name="Linux86.xs"/>
        <file name="MVArm9.xs"/>
        <file name="Mingw.xs"/>
        <file name="UCArm9.xs"/>
        <file name="package.xs"/>
        <file name="std.h"/>
    </package>
    <package name="xdc"
        version="1, 1, 1, 0, 1237482610300"
        providerId="xdccore">
        <file name="IPackage.xdc"/>
        <file name="IPackage.xs"/>
        <file name="om2.xs"/>
        <file name="package.xs"/>
        <file name="std.h"/>
        <file name="template.xs"/>
        <file name="xdc.tci"/>
        <file name="xmlgen.xs"/>
        <file name="xmlgen2.xs"/>
    </package>
    <package name="xdc.services.spec"
        version="1, 0, 0, 0, 1237482707318"
        providerId="xdccore">
        <file name="java\package.jar"/>
    </package>
    <package name="xdc.services.global"
        version="1, 0, 1, 1237482678270"
        providerId="xdccore">
        <file name="Clock.xs"/>
        <file name="Trace.xs"/>
        <file name="java\package.jar"/>
    </package>
    <package name="ti.targets"
        version="1, 0, 3, 1237482538969"
        providerId="xdccore">
        <file name="ITarget.xs"/>
        <file name="MSP430.xs"/>
        <file name="package.xs"/>
        <file name="std.h"/>
    </package>
    <package name="xdc.bld"
        version="1, 0, 1, 1237482642214"
        providerId="xdccore">
        <file name="BuildEnvironment.xs"/>
        <file name="Executable.xs"/>
        <file name="ITarget.xs"/>
        <file name="ITargetFilter.xs"/>
        <file name="Library.xs"/>
        <file name="PackageContents.xs"/>
        <file name="Repository.xs"/>
        <file name="Script.xs"/>
        <file name="Utils.xs"/>
        <file name="_gen.xs"/>
        <file name="package.xs"/>
    </package>
    <package name="xdc.shelf"
        version="1, 0, 0, 0, 1237482726788"
        providerId="xdccore">
        <file name="java\antlr.jar"/>
        <file name="java\ecj.jar"/>
        <file name="java\js.jar"/>
        <file name="java\tar.jar"/>
        <file name="java\xbean.jar"/>
    </package>
    <xdcRoot base="E:/rtsc/xdctools_3_15_00_33/">
        <file name="/packages/xdc/package.xdc"/>
        <file name="include\utils.tci"/>
        <xdcCorePkg version="16, 0, 1, 0, 1237482648534" producerId="ndefined" buildCount="171" releaseName="xdc_corevers" label="default" date="1237482648534"/>
    </xdcRoot>
</references>
<orphans>
    <file name="D:\work\pprimer\examples\config.bld"/>
</orphans>
</release>
