<?xml version="1.0" encoding="UTF-8"?>
<!--  This file conforms to the DTD xdc/bld/build.dtd -->
<package name="charlie.sqrtlib.samples" version="" producerId="undefined">
    <units>
    </units>
    <sources>
    </sources>
    <configurations>
    </configurations>
    <makefiles>
        <srcFile name="package.mak" src="package.bld"/>
        <srcFile name="package/package.xdc.dep" src="package.xdc"/>
        <srcFile name="package/package.cfg.dep" src="package.xdc"/>
        <srcFile name="package/rel/charlie_sqrtlib_samples.zip.dep" src="package/rel/charlie_sqrtlib_samples.xdc.inc"/>
    </makefiles>
    <targets>
    </targets>
    <libraries>
    </libraries>
    <executables>
    </executables>
    <tests>
    </tests>
    <releases relDir="package/rel/">
    <release name="charlie_sqrtlib_samples"
        pname="charlie_sqrtlib_samples.zip"
        label="default"
    >
        <file name="package/package.cfg.xdc.inc"/>
        <file name="package/package.xdc.inc"/>
        <file name="package/package.rel.dot"/>
        <file name="prog.c"/>
        <file name="makefile"/>
        <file name="package/package.bld.xml"/>
        <file name="prog.cfg"/>
        <file name="package/package.ext.xml"/>
        <file name="package/build.cfg"/>
    </release>
    </releases>
    <repositories>
    </repositories>
</package>
