<?xml version="1.0" encoding="UTF-8"?>
<!--  This file conforms to the DTD xdc/bld/release.dtd -->
<release name="" label="" date="" buildCount="">
<package name="local.targets"
    version="1, 0, 0"/>
<imports>
    <package name="ti.targets"
        version=""/>
</imports>
<references>
    <package name="xdc.services.spec"
        version="1, 0, 0, 0">
        <file name="java/package.jar"/>
        <file name="package/xdc.services.spec.sch"/>
    </package>
    <package name="xdc.bld"
        version="1, 0, 0, 0">
        <file name="BuildEnvironment.xs"/>
        <file name="Executable.xs"/>
        <file name="ITarget.xdc"/>
        <file name="ITarget.xs"/>
        <file name="ITargetFilter.xdc"/>
        <file name="ITargetFilter.xs"/>
        <file name="Library.xs"/>
        <file name="PackageContents.xs"/>
        <file name="Repository.xs"/>
        <file name="Script.xs"/>
        <file name="Utils.xs"/>
        <file name="_gen.xs"/>
        <file name="package.xs"/>
        <file name="package/xdc.bld.sch"/>
    </package>
    <package name="xdc"
        version="1, 1, 1, 0">
        <file name="IPackage.xdc"/>
        <file name="IPackage.xs"/>
        <file name="om2.xs"/>
        <file name="package.xs"/>
        <file name="package/xdc.sch"/>
        <file name="recap.xs"/>
        <file name="template.xs"/>
        <file name="xdc.tci"/>
        <file name="xmlgen.xs"/>
        <file name="xmlgen2.xs"/>
    </package>
    <package name="xdc.services.intern.cmd"
        version="1, 0, 0, 0">
        <file name="java/package.jar"/>
        <file name="package/xdc.services.intern.cmd.sch"/>
    </package>
    <package name="xdc.services.intern.xsr"
        version="1, 0, 0">
        <file name="java/package.jar"/>
        <file name="package/xdc.services.intern.xsr.sch"/>
    </package>
    <package name="ti.targets"
        version="1, 0, 1, 1">
        <file name="ITarget.xdc"/>
        <file name="ITarget.xs"/>
        <file name="package.xs"/>
        <file name="package/ti.targets.sch"/>
    </package>
    <package name="xdc.services.global"
        version="1, 0, 0">
        <file name="Clock.xs"/>
        <file name="java/package.jar"/>
        <file name="package/xdc.services.global.sch"/>
    </package>
    <package name="xdc.shelf"
        version="1, 0, 0, 0">
        <file name="java/antlr.jar"/>
        <file name="java/js.jar"/>
        <file name="java/junit.jar"/>
        <file name="java/tar.jar"/>
        <file name="java/xbean.jar"/>
        <file name="package/xdc.shelf.sch"/>
    </package>
    <package name="xdc.services.intern.gen"
        version="1, 0, 0, 0">
        <file name="java/package.jar"/>
        <file name="package/xdc.services.intern.gen.sch"/>
    </package>
    <package name="xdc.corevers"
        version="16, 0, 1, 0">
        <file name="package/xdc.corevers.sch"/>
    </package>
    <xdcRoot base="/db/ztree/dr/xdc-s23x/src/">
        <file name="/packages/xdc/package.xdc"/>
    </xdcRoot>
</references>
<orphans>
    <file name="/db/ztree/dr/xdc-s23x/imports/xdc/utils/tconf/utils.tci"/>
</orphans>
</release>
