<?xml version="1.0" encoding="UTF-8"?>
<!--  This file conforms to the DTD xdc/bld/build.dtd -->
<package name="local.targets" version="1, 0, 0">
    <units>
        <interface name="ITIArm"/>
        <module name="TIArm9"/>
        <module name="TIArm11"/>
        <module name="TIArm11D"/>
    </units>
    <sources>
        <srcFile name="std.h"/>
    </sources>
    <configurations>
    </configurations>
    <makefiles>
        <srcFile name="package.mak" src="package.bld"/>
        <srcFile name="package/package.xdc.dep" src="package.xdc"/>
        <srcFile name="package/package.cfg.dep" src="package.xdc"/>
        <srcFile name="package/rel/local_targets.zip.dep" src="package/rel/local_targets.xdc.inc"/>
    </makefiles>
    <targets>
    </targets>
    <libraries>
    </libraries>
    <executables>
    </executables>
    <tests>
    </tests>
    <releases relDir="package/rel/">
    <release name="local_targets"
        pname="local_targets.zip"
        label="default"
    >
        <file name="package/package.xdc.xml"/>
        <file name="docs"/>
        <file name="package/build.cfg"/>
        <file name="package/package.cfg.xdc.inc"/>
        <file name="package/package.ext.xml"/>
        <file name="package/package.xdc.inc"/>
        <file name="package/package.bld.xml"/>
        <file name="package/package.rel.dot"/>
    </release>
    </releases>
    <repositories>
    </repositories>
</package>
