<?xml version="1.0" encoding="UTF-8"?>
<!--  This file conforms to the DTD xdc/bld/build.dtd -->
<package name="charlie.sqrtlib" version="1, 0, 2, 6" producerId="undefined">
    <units>
        <module name="Settings"/>
    </units>
    <sources>
        <srcFile name="package/package_charlie.sqrtlib.c"/>
        <srcFile name="isqrt_unroll.c"/>
        <srcFile name="isqrt_loop.c"/>
    </sources>
    <configurations>
    </configurations>
    <makefiles>
        <srcFile name="package.mak" src="package.bld"/>
        <srcFile name="package/package.xdc.dep" src="package.xdc"/>
        <srcFile name="package/package.cfg.dep" src="package.xdc"/>
        <srcFile name="lib/isqrt_unroll.a64P.mak" src="package.bld"/>
        <srcFile name="package/lib/lib/isqrt_unroll/isqrt_unroll.o64P.dep" src="isqrt_unroll.c"/>
        <srcFile name="package/lib/lib/isqrt_unroll/package/package_charlie.sqrtlib.o64P.dep" src="package/package_charlie.sqrtlib.c"/>
        <srcFile name="lib/isqrt_loop.a86GW.mak" src="package.bld"/>
        <srcFile name="package/lib/lib/isqrt_loop/isqrt_loop.o86GW.dep" src="isqrt_loop.c"/>
        <srcFile name="package/lib/lib/isqrt_loop/package/package_charlie.sqrtlib.o86GW.dep" src="package/package_charlie.sqrtlib.c"/>
        <srcFile name="lib/isqrt_loop.a64P.mak" src="package.bld"/>
        <srcFile name="package/lib/lib/isqrt_loop/isqrt_loop.o64P.dep" src="isqrt_loop.c"/>
        <srcFile name="package/lib/lib/isqrt_loop/package/package_charlie.sqrtlib.o64P.dep" src="package/package_charlie.sqrtlib.c"/>
        <srcFile name="lib/isqrt_unroll.a86GW.mak" src="package.bld"/>
        <srcFile name="package/lib/lib/isqrt_unroll/isqrt_unroll.o86GW.dep" src="isqrt_unroll.c"/>
        <srcFile name="package/lib/lib/isqrt_unroll/package/package_charlie.sqrtlib.o86GW.dep" src="package/package_charlie.sqrtlib.c"/>
        <srcFile name="package/rel/charlie_sqrtlib-SRC.zip.dep" src="package/rel/charlie_sqrtlib-SRC.xdc.inc"/>
        <srcFile name="package/rel/charlie_sqrtlib.zip.dep" src="package/rel/charlie_sqrtlib.xdc.inc"/>
        <srcFile name="package/rel/charlie_sqrtlib-DSP.zip.dep" src="package/rel/charlie_sqrtlib-DSP.xdc.inc"/>
    </makefiles>
    <targets>
        <target name="ti.targets.C64P"
            version="ti.targets.C64P{1,0,6.0,15"
            platform="ti.platforms.sim64Pxx"
            isa="64P"
            suffix="64P"
            rootDir="d:/ti/c6000/6.0.15"
            os="undefined"
            rts="ti.targets.rts6000">
            <model endian="little"
                codeModel="undefined"
                dataModel="undefined"/>
        </target>
        <target name="gnu.targets.Mingw"
            version="gnu.targets.Mingw{1,0,3.4,5"
            platform="host.platforms.PC"
            isa="x86"
            suffix="86GW"
            rootDir="e:/rtsc/mingw"
            os="Windows"
            rts="gnu.targets.rts86GW">
            <model endian="little"
                codeModel="undefined"
                dataModel="undefined"/>
        </target>
    </targets>
    <libraries>
    <library name="lib/isqrt_unroll"
        pname="lib/isqrt_unroll.a64P"
        profile="release"
        target="ti.targets.C64P"/>
    <library name="lib/isqrt_loop"
        pname="lib/isqrt_loop.a86GW"
        profile="release"
        target="gnu.targets.Mingw"/>
    <library name="lib/isqrt_loop"
        pname="lib/isqrt_loop.a64P"
        profile="release"
        target="ti.targets.C64P"/>
    <library name="lib/isqrt_unroll"
        pname="lib/isqrt_unroll.a86GW"
        profile="release"
        target="gnu.targets.Mingw"/>
    </libraries>
    <executables>
    </executables>
    <tests>
    </tests>
    <releases relDir="package/rel/">
    <release name="charlie_sqrtlib-SRC"
        pname="charlie_sqrtlib-SRC.zip"
        label="SRC"
        relScript="./copyright.rel">
        <file name="isqrt.h"/>
        <file name="package/build.cfg"/>
        <file name="package/package.cfg.xdc.inc"/>
        <file name="package/package.ext.xml"/>
        <file name="package/package.xdc.inc"/>
        <file name="package/package.bld.xml"/>
        <file name="package/package.rel.dot"/>
    </release>
    <release name="charlie_sqrtlib"
        pname="charlie_sqrtlib.zip"
        label="default"
    >
        <file name="package/package.cfg.xdc.inc"/>
        <file name="lib/isqrt_loop.a64P"/>
        <file name="package/package.xdc.inc"/>
        <file name="package/package.rel.dot"/>
        <file name="lib/isqrt_unroll.a86GW"/>
        <file name="lib/isqrt_unroll.a64P"/>
        <file name="package/package.bld.xml"/>
        <file name="lib/isqrt_loop.a86GW"/>
        <file name="isqrt.h"/>
        <file name="package/package.ext.xml"/>
        <file name="package/build.cfg"/>
    </release>
    <release name="charlie_sqrtlib-DSP"
        pname="charlie_sqrtlib-DSP.zip"
        label="DSP"
    >
        <file name="package/package.cfg.xdc.inc"/>
        <file name="lib/isqrt_loop.a64P"/>
        <file name="package/package.xdc.inc"/>
        <file name="package/package.rel.dot"/>
        <file name="lib/isqrt_unroll.a64P"/>
        <file name="package/package.bld.xml"/>
        <file name="isqrt.h"/>
        <file name="package/package.ext.xml"/>
        <file name="package/build.cfg"/>
    </release>
    </releases>
    <repositories>
    </repositories>
</package>
