<?xml version="1.0" encoding="UTF-8"?>
<package kind='package' name='charlie.sqrtlib' nodoc='0' root='../../' summary='Library+of+legacy+square-root+functions'>
    <line tab='0' content='%3Cspan+class%3D%22xdoc-kw1%22%3Epackage%3C%2Fspan%3E+%3Cgo%3E%3Cspan+class%3D%22xdoc-id%22%3Echarlie.sqrtlib%3C%2Fspan%3E%3C%2Fgo%3E+%5B1%2C+0%2C+2%2C+6%5D+%7B'/>
    <line tab='0' content='%7D'/>
    <unit name='Settings' kind='module' nodoc='0' metaonly='1' summary=''>
        <synopSpec>
            <line tab='0' content='%3Cspan+class%3D%22xdoc-kw1%22%3Epackage%3C%2Fspan%3E+%3Ca+class%3D%22xdoc-link%22+href%3D%22..%2F..%2Fcharlie%2Fsqrtlib%2Fpackage.html%22+title%3D%22charlie.sqrtlib%22%3Echarlie.sqrtlib%3C%2Fa%3E%3B'/>
            <line blank='1' always='0'/>
            <line tab='0' content='%3Cspan+class%3D%22xdoc-kw1%22%3Emetaonly+%3C%2Fspan%3E%3Cspan+class%3D%22xdoc-kw1%22%3Emodule%3C%2Fspan%3E+%3Cgo%3E%3Cspan+class%3D%22xdoc-id%22%3ESettings%3C%2Fspan%3E%3C%2Fgo%3E+%7B'/>
            <line tab='0' content='%7D'/>
        </synopSpec>
        <specInfo>
            <line tab='0' content='%3Cspan+class%3D%22xdoc-kw1%22%3Emetaonly+%3C%2Fspan%3E%3Cspan+class%3D%22xdoc-kw1%22%3Emodule%3C%2Fspan%3E+%3Cgo%3E%3Cspan+class%3D%22xdoc-id%22%3ESettings%3C%2Fspan%3E%3C%2Fgo%3E+%7B%3Cb%3E%26nbsp%3B%26nbsp%3B...%3C%2Fb%3E'/>
        </specInfo>
        <synopMeta>
            <line tab='0' content='%3Cspan+class%3D%22xdoc-kw1%22%3Evar%3C%2Fspan%3E+Settings+%3D+%3Cspan+class%3D%22xdoc-kw3%22%3Exdc.useModule%3C%2Fspan%3E%28%3Cspan+class%3D%22xdoc-id%22%3E%27charlie.sqrtlib.Settings%27%3C%2Fspan%3E%29%3B'/>
        </synopMeta>
        <group name='module-wide constants &amp; types'>
            <decl spacer='1'/>
            <decl kind='enum' name='OptType' anchor='.Opt.Type' altext='charlie.sqrtlib.Settings.OptType' nodoc='0' external='1' overrides='0' readonly='0' instance='0' summary=''>
                <decl kind='enumval' name='OPTIMIZE_FOR_SPACE' anchor='.O.P.T.I.M.I.Z.E_.F.O.R_.S.P.A.C.E'/>
                <decl kind='enumval' name='OPTIMIZE_FOR_TIME' anchor='.O.P.T.I.M.I.Z.E_.F.O.R_.T.I.M.E'/>
                <synopSpec>
                    <line tab='0' content='%3Cspan+class%3D%22xdoc-kw1%22%3Eenum%3C%2Fspan%3E+%3Cgo%3E%3Cspan+class%3D%22xdoc-id%22%3EOptType%3C%2Fspan%3E%3C%2Fgo%3E+%7B'/>
                    <line tab='1' content='%3Cgo%3E%3Cspan+class%3D%22xdoc-id%22%3EOPTIMIZE_FOR_SPACE%3C%2Fspan%3E%3C%2Fgo%3E%2C+'/>
                    <line tab='1' content='%3Cgo%3E%3Cspan+class%3D%22xdoc-id%22%3EOPTIMIZE_FOR_TIME%3C%2Fspan%3E%3C%2Fgo%3E'/>
                    <line tab='0' content='%7D%3B'/>
                </synopSpec>
                <synopMeta>
                    <line tab='0' content='%3Ci%3Evalues+of+type+%3Cgo%3ESettings.%3Cspan+class%3D%22xdoc-id%22%3EOptType%3C%2Fspan%3E%3C%2Fgo%3E%3C%2Fi%3E'/>
                    <line tab='1' content='%3Cspan+class%3D%22xdoc-kw1%22%3Econst%3C%2Fspan%3E+%3Cgo%3ESettings.%3Cspan+class%3D%22xdoc-id%22%3EOPTIMIZE_FOR_SPACE%3C%2Fspan%3E%3C%2Fgo%3E%3B'/>
                    <line tab='1' content='%3Cspan+class%3D%22xdoc-kw1%22%3Econst%3C%2Fspan%3E+%3Cgo%3ESettings.%3Cspan+class%3D%22xdoc-id%22%3EOPTIMIZE_FOR_TIME%3C%2Fspan%3E%3C%2Fgo%3E%3B'/>
                </synopMeta>
            </decl>
            <decl spacer='1'/>
        </group>
        <group name='module-wide config parameters'>
            <decl spacer='1'/>
            <decl spacer='1'/>
            <decl spacer='1'/>
            <decl kind='config' name='optimize' anchor='optimize' altext='charlie.sqrtlib.Settings.optimize' nodoc='0' external='1' overrides='0' readonly='0' instance='0' summary=''>
                <synopSpec>
                    <line tab='0' content='%3Cspan+class%3D%22xdoc-kw1%22%3Econfig%3C%2Fspan%3E+%3Ca+class%3D%22xdoc-link%22+href%3D%22..%2F..%2Fcharlie%2Fsqrtlib%2FSettings.html%23.Opt.Type%22+title%3D%22charlie.sqrtlib.Settings.OptType%22%3ESettings.OptType%3C%2Fa%3E%26nbsp%3B%3Cgo%3E%3Cspan+class%3D%22xdoc-id%22%3Eoptimize%3C%2Fspan%3E%3C%2Fgo%3E+%3D+%253Ca%2Bclass%253D%2522xdoc-link%2522%2Bhref%253D%2522..%252F..%252Fcharlie%252Fsqrtlib%252FSettings.html%2523.O.P.T.I.M.I.Z.E_.F.O.R_.T.I.M.E%2522%2Btitle%253D%2522charlie.sqrtlib.Settings.OPTIMIZE_FOR_TIME%2522%253ESettings.OPTIMIZE_FOR_TIME%253C%252Fa%253E%3B'/>
                </synopSpec>
                <synopMeta>
                    <line tab='0' content='%3Cgo%3ESettings.%3Cspan+class%3D%22xdoc-id%22%3Eoptimize%3C%2Fspan%3E%3C%2Fgo%3E+%3D+%3Ci%3E%3Ca+class%3D%22xdoc-link%22+href%3D%22..%2F..%2Fcharlie%2Fsqrtlib%2FSettings.html%23.Opt.Type%22+title%3D%22charlie.sqrtlib.Settings.OptType%22%3ESettings.OptType%3C%2Fa%3E%3C%2Fi%3E+%253Ca%2Bclass%253D%2522xdoc-link%2522%2Bhref%253D%2522..%252F..%252Fcharlie%252Fsqrtlib%252FSettings.html%2523.O.P.T.I.M.I.Z.E_.F.O.R_.T.I.M.E%2522%2Btitle%253D%2522charlie.sqrtlib.Settings.OPTIMIZE_FOR_TIME%2522%253ESettings.OPTIMIZE_FOR_TIME%253C%252Fa%253E%3B'/>
                </synopMeta>
            </decl>
        </group>
        <group name='module-wide functions'>
            <decl spacer='1'/>
        </group>
    </unit>
</package>
